Header,Fasta
tr|D4QFF9|D4QFF9_9FLAV Polyprotein (Fragment) OS=dengue virus type 2 OX=11060 PE=4 SV=1,AERVIDPRRCMKPXILTDGEERVILAGPMPVTHSSAAQRRGRIGRNPKNENDQYIYMGEPLENDEDCAHWKEAKMLLDNINTPEGIIPSMFEPEREKVDAIDGEYRLRGEARKTFVDLMRRGDLPVWLAYKVAAEGINYADRRWCFDGIKNNQILEENVEVEIWTKEGERKKLKPRWLDARIYSDPLALKEFKEFAAGRKSLTLNLITEMGRLPTFMTQKTRDALDNLAVLHTAEAGGRAYNHALSELPETLETLLLLTLLATVTGGIFLFLMSGRGIGKMTLGMCCIITASILLWYAQIQPHWIAASIILEFFLIVLLIPEPEKQRTPQDNQLTYVVIAILTVVAATMANEMGFLEKTKKDLGLGSIATQQPESNILDIDLRPASAWTLYAVATTFVTPMLRHSIENSSVNVSLTAIANQATVLMGLGKGWPLSKMDIGVPLLAIGCYSQVNPITLTAALLLLVAHYAIIGPGLQAKATREAQKRAAAGIMKNPTVDGITVIDLDPIPYDPKFEKQLGQVMLLILCVTQVLMMRTTWALCEALTLATGPISTLWEGNPGRFWNTTIAVSMANIFRGSYLAGAGLLFSIMKNTTNTRRGTGNIGETLGEKWKSRLNALGKSEFQIYKKSGIQEVDRTLAKEGIKRGETDHHAVSRGSAKLRWFVERNMVTPEGKVVDLGCGRGGWSYYCGGLKNVREVKGLTKGGPGHEEPIPMSTYGWNLVRLQSGVDVFFIPPEKCDTLLCDIGESSPNPTVEAGRTLRVLNLVENWLNNNTQFCIKVLNPYMPSVIEKMEALQRKYGGALVRNPLSRNSTHEMYWVSNASGNIVSSVNMISRMLINRFTMRHKKATYEPDVDLGSGTRNIGIESEIPNLDIIGKRIEKIKQEHETSWHYDQDHPYKTWAYHGSYETKQTGSASSMVNGVVRLLTKPWDVLPTVTQMAMTDTTPFGQQRVFKEKVDTRTQEPKEGTKKLMKITAEWLWKELGKKKTPRMCTREEFTRKVRSNAALGAIFTDENKWKSAREAVEDSRFWELVDKERNLHLEGKCETCVYNMMGKREKKLGEFGKAKGSRAIWYMWLGARFLEFEALGFLNEDHWFSRENSLSGVEGEGLHKLGYILRDVSKKEGGAMYADDTAGWDTRITLEDLKNEEMVTNHMEGEHKKLAEAIFKLTYQNKVVRVQRPTPRGTVMDIISRRDQRGSGQVGTYGLNTFTNMEAQLIRQMEGEGVFKNIQHLTVTEEVAVQNWLARVGRERLSRMAISGDDCVVKPLDDRFANALTALNDMGKIRKDIQQWEPSKGWNDWTQVPFCSHHFHELIMKDGRVLVVPCRNQDELIGRARISQGAGWSLRETACLGKSYAQMWSLMYFHRRDLRLAANAICSAVPSHWVPTSRTTWSIHAKHEWMTTEDMLTVWNRVWIRENPWMEDKTPVESWEEIPYLGKREDQWCGSLIGLTSRATWAKNIQAAINQVRSLIGNEEYTDYMPSMKRFXREEEEAGVLW,,,,,,,,
tr|D4QFG0|D4QFG0_9FLAV Polyprotein (Fragment) OS=dengue virus type 2 OX=11060 PE=4 SV=1,AERVIDPRRCMKPXILTDGEERVILAGPMPVTHSSAAQRRGRIGRNPKNENDQYIYMGEPLENDEDCAHWKEAKMLLDNINTPEGIIPSMFEPEREKVDAIDGEYRLRGEARKTFVDLMRRGDLPVWLAYKVAAEGINYADRRWCFDGIKNNQILEENVEVEIWTKEGERKKLKPRWLDARIYSDPLALKEFKEFAAGRKSLTLNLITEMGRLPTFMTQKTRDALDNLAVLHTAEAGGRAYNHALSELPETLETLLLLTLLATVTGGIFLFLMSGRGIGKMTLGMCCIITASILLWYAQIQPHWIAASIILEFFLIVLLIPEPEKQRTPQDNQLTYVVIAILTVVAATMANEMGFLEKTKKDLGLGSIATQQPESNILDIDLRPASAWTLYAVATTFVTPMLRHSIENSSVNVSLTAIANQATVLMGLGKGWPLSKMDIGVPLLAIGCYSQVNPITLTAALLLLVAHYAIIGPGLQAKATREAQKRAAAGIMKNPTVDGITVIDLDPIPYDPKFEKQLGQVMLLILCVTQVLMMRTTWALCEALTLATGPISTLWEGNPGRFWNTTIAVSMANIFRGSYLAGAGLLFSIMKNTTNTRRGTGNIGETLGEKWKSRLNALGKSEFQIYKKSGIQEVDRTLAKEGIKRGETDHHAVSRGSAKLRWFVERNMVTPEGKVVDLGCGRGGWSYYCGGLKNVREVKGLTKGGPGHEEPIPMSTYGWNLVRLQSGVDVFFIPPEKCDTLLCDIGESSPNPTVEAGRTLRVLNLVENWLNNNTQFCIKVLNPYMPSVIEKMEALQRKYGGALVRNPLSRNSTHEMYWVSNASGNIVSSVNMISRMLINRFTMRHKKATYEPDVDLGSGTRNIGIESEIPNLDIIGKRIEKIKQEHETSWHYDQDHPYKTWAYHGSYETKQTGSASSMVNGVVRLLTKPWDVLPTVTQMAMTDTTPFGQQRVFKEKVDTRTQEPKEGTKKLMKITAEWLWKELGKKKTPRMCTREEFTRKVRSNAALGAIFTDENKWKSAREAVEDSRFWELVDKERNLHLEGKCETCVYNMMGKREKKLGEFGKAKGSRAIWYMWLGARFLEFEALGFLNEDHWFSRENSLSGVEGEGLHKLGYILRDVSKKEGGAMYADDTAGWDTRITLEDLKNEEMVTNHMEGEHKKLAEAIFKLTYQNKVVRVQRPTPRGTVMDIISRRDQRGSGQVGTYGLNTFTNMEAQLIRQMEGEGVFKNIQHLTVTEEVAVQNWLARVGRERLSRMAISGDDCVVKPLDDRFANALTALNDMGKIRKDIQQWEPSKGWNDWTQVPFCSHHFHELIMKDGRVLVVPCRNQDELIGRARISQGAGWSLRETACLGKSYAQMWSLMYFHRRDLRLAANAICSAVPSHWVPTSRTTWSIHAKHEWMTTEDMLTVWNRVWIRENPWMEDKTPVESWEEIPYLGKREDQWCGSLIGLTSRATWAKNIQAAINQVRSLIGNEEYTDYMPSMKRFXREEEEAGVLW,,,,,,,,
tr|I7B1K4|I7B1K4_9FLAV Genome polyprotein (Fragment) OS=dengue virus type 2 OX=11060 PE=4 SV=1,MRCIGISNRDFVEGVSGGSWVDIVLEHGSCVTTMAKNKPTLDFELIKTEAKQPATLRKYCIEAKLTNTTTESRCPTQGEPSLKEEQDKRFVCKHSMVDRGWGNGCGLFGKGGIVTCAMFTCKKNMEGKIVQPENLEYTIVVTPHSGEEHAVGNDTGKHGMEIKVTPQSSITEAELTGYGTVTMECSPRTGLDFNEMVLLQMENKAWLVHRQWFLDLPLPWLPGADKQESNWIQKETLVTFKNPHAKKQDVVVLGSQEGAMHTALTGATEIQLSSGNLLFTGHLKCRLRMDKLQLKGMSYSMCTGKFKVVKEIAETQHGTIVIRVQYEGDGSPCKIPFEIMDLEKRYVLGRLITVNPIVTEKDSPVNIEAEPPFGDSYIIIGVEPGQLKLNWFKKGSSIGQMFETTMRGAKRMAILGDTAWDFGSLGGVFTSIGKALHQVFGAIYGAAFSGVSWTMKILIGVIITWIGMNSRSTSLSVSLVLVGIVTLYLGVMVQA,,,,,,,,
tr|K9LVE8|K9LVE8_9FLAV Genome polyprotein (Fragment) OS=dengue virus type 2 OX=11060 PE=4 SV=1,MNNQRKKARNTPFNMLKRERNRVSTVQQLTKRFSLGMLQGRGPLKLFMALVAFLRFLTIPPTAGILKRWGTIKKSKAINVLRGFRKEIGRMLNILNRRRRTAGVIIMLIPTAMAFHLTTRNGEPHMIVSKQEKGKSLLFKTEDGVNMCTLMAMDLGELCEDTITYNCPLLRQNEPEDIDCWCNATSTWVTYGTCTATGEHRREKRSVALVPHVGMGLETRTETWMSSEGAWKHAQRIETWILRHPGFTIMAAILAYTIGTTYFQRVLIFILLTAVAPSMTMRCIGISNRDFVEGVSGGSWVDIVLEHGSCVTTMAKNKPTLDFELIKTEAKQPATLRKYCIEAKLTNTTTASRCPTQGEPSLNEEQDKRFVCKHSMVDRGWGNGCGLFGKGGIVTCAMFTCKKNMEGKIVQPENLEYTIVVTPHSGEENAVGNDTGKHGKEIKVTPQSSITEAELTGYGTVTMECSPRTGLDFNEMVLLQMENKAWLVHRQWFLDLPLPWLPGADIQGSNWIQKETLVTFKNPHAKKQDVVVLGSQEGAMHTALTGATEIQMSSGNLLFTGHLKCRLRMDKLQLKGMSYSMCTGKFKVVKEIAETQHGTIVVRVQYEGDGSPCKIPFEIMDLEKRHVLGRLITVNPIVTEKNSPVNIEAEPPFGDSYIIIGVEPGQLKLSWFKKGSSIGQMFETTMRGAKRMAILGDTAWDFGSLGGVFTSIGKALHQVFGAIYGAAFSGVSWTMKILIGVVITWIGMNSRSTSLSVSLVLVGVVTLYLGVMVQADSGCVVSWKNKELNCG,,,,,,,,
tr|K9LVF1|K9LVF1_9FLAV Genome polyprotein (Fragment) OS=dengue virus type 2 OX=11060 PE=4 SV=1,MNNQRKKARNTPFNMLKRERNRVSTVQQLTKRFSLGMLQGRGPLKLFMALVAFLRFLTIPPTAGILKRWGTIKKSKAINVLRGFRKEIGRMLNILNRRRRTAGVIIMLIPTAMAFHLTTRNGEPHMIVSKQEKGKSLLFKTEDGVNMCTLMAMDLGELCEDTITYNCPLLRQNEPEDIDCWCNATSTWVTYGTCTATGEHRREKRSVALVPHVGMGLETRTETWMSSEGAWKHAQRIETWILRHPGFTIMAAILAYTIGTTYFQRVLIFILLTAVAPSMTMRCIGISNRDFVEGVSGGSWVDIVLEHGSCVTTMAKNKPTLDFELIKTEAKQPATLRKYCIEAKLTNTTTASRCPTQGEPSLNEEQDKRFVCKHSMVDRGWGNGCGLFGKGGIVTCAMFTCKKNMEGKIVQPENLEYTIVVTPHSGEENAVGNDTGKHGKEIKVTPQSSITEAELTGYGTVTMECSPRTGLDFNEMVLLQMENKAWLVHRQWFLDLPLPWLPGADIQGSNWIQKETLVTFKNPHAKKQDVVVLGSQEGAMHTALTGATEIQMSSGNLLFTGHLKCRLRMDKLQLKGMSYSMCTGKFKVVKEIAETQHGTIVVRVQYEGDGSPCKIPFEIMDLEKRHVLGRLITVNPIVTEKDSPVNIEAEPPFGDSYIIIGVEPGQLKLSWFKKGSSIGQMFETTMRGAKRMAILGDTAWDFGSLGGVFTSIGKALHQVFGAIYGAAFSGVSWTMKILIGVVITWIGMNSRSTSLSVSLVLVGVVTLYLGVMVQADSGCVVSWKNKELKCG,,,,,,,,
tr|K9LVF3|K9LVF3_9FLAV Genome polyprotein (Fragment) OS=dengue virus type 2 OX=11060 PE=4 SV=1,MNNQRKKARNTPFNMLKRERNRVSTVQQLTKRFSLGMLQGRGPLKLFMALVAFLRFLTIPPTAGILKRWGTIKKSKAINVLRGFRKEIGRMLNILNRRRRTAGVIIMLIPTAMAFHLTTRNGEPHMIVSKQEKGKSLLFKTEDGVNMCTLMAMDLGELCEDTITYNCPLLRQNEPEDIDCWCNATSTWVTYGTCTATGEHRREKRSVALVPHVGMGLETRTETWMSSEGAWKHAQRIETWILRHPGFTIMAAILAYTIGTTYFQRVLIFILLTAVAPSMTMRCIGISNRDFVEGVSGGSWVDIVLEHGSCVTTMAKNKPTLDFELIKTEAKQPATLRKYCIEAKLTNTTTASRCPTQGEPSLNEEQDKRFVCKHSMVDRGWGNGCGLFGKGGIVTCAMFTCKKNMEGKIVQPENLEYTIVVTPHSGEENAVGNDTGKHGKEIKVTPQSSITEAELTGYGTVTMECSPRTGLDFNEMVLLQMENKAWLVHRQWFLDLPLPWLPGADIQGSNWIQKETLVTFKNPHAKKQDVVVLGSQEGAMHTALTGATEIQMSSGNLLFTGHLKCRLRMDKLQLKGMSYSMCTGKFKVVKEIAETQHGTIVVRVQYEGDGSPCKIPFEIMDLEKRHVLGRLITVNPIVTEKDSPVNIEAEPPFGDSYIIIGVEPGQLKLSWFKKGSSIGQMFETTMRGAKRMAILGDTAWDFGSLGGVFTSIGKALHQVFGAIYGAAFSGVSWTMKILIGVVITWIGMNSRSTSLSVSLVLVGVVTLYLGVMVQADSGCVVSWKNKELKCG,,,,,,,,
tr|K9LVS2|K9LVS2_9FLAV Genome polyprotein (Fragment) OS=dengue virus type 2 OX=11060 PE=4 SV=1,MNNQRKKARNTPFNMLKRERNRVSTVQQLTKRFSLGMLQGRGPLKLFMALVAFLRFLTIPPTAGILKRWGTIKKSKAINVLRGFRKEIGRMLNILNRRRRTAGVIIMLIPTAMAFHLTTRNGEPHMIVSKQEKGKSLLFKTEDGVNMCTLMAMDLGELCEDTITYNCPLLRQNEPEDIDCWCNATSTWVTYGTCTATGEHRREKRSVALVPHVGMGLETRTETWMSSEGAWKHAQRIETWILRHPGFTIMAAILAYTIGTTYFQRVLIFILLTAVAPSMTMRCIGISNRDFVEGVSGGSWVDIVLEHGSCVTTMAKNKPTLDFELIKTEAKQPATLRKYCIEAKLTNTTTASRCPTQGEPSLNEEQDKRFVCKHSMVDRGWGNGCGLFGKGGIVTCAMFTCKKNMEGKIVQPENLEYTIVVTPHSGEENAVGNDTGKHGKEIKVTPQSSITEAELTGYGTVTMECSPRTGLDFNEMVLLQMENKAWLVHRQWFLDLPLPWLPGADIQGSNWIQKETLVTFKNPHAKKQDVVVLGSQEGAMHTALTGATEIQMSSGNLLFTGHLKCRLRMDKLQLKGMSYSMCTGKFKVIKEIAETQHGTIVVRVQYEGDGSPCKIPFEIMDLEKRHVLGRLITVNPIVTEKDSPVNIEAEPPFGDSYIIIGVEPGQLKLSWFKKGSSIGQMFETTMRGAKRMAILGDTAWDFGSLGGVFTSIGKALHQVFGAIYGAAFSGVSWTMKILIGVVITWIGMNSRSTSLSVSLVLVGVVTLYLGVMVQADSGCVVSWKNKELKCG,,,,,,,,
tr|K9LW15|K9LW15_9FLAV Genome polyprotein (Fragment) OS=dengue virus type 2 OX=11060 PE=4 SV=1,MNNQRKKARNTPFNMLKRERNRVSTVQQLTKRFSLGMLQGRGPLKLFMALVAFLRFLTIPPTAGILKRWGTIKKSKAINVLRGFRKEIGRMLNILNRRRRTAGVIIMLIPTAMAFHLTTRNGEPHMIVSKQEKGKSLLFKTEDGVNMCTLMAMDLGELCEDTITYNCPLLRQNEPEDIDCWCNATSTWVTYGTCTATGEHRREKRSVALVPHVGMGLETRTETWMSSEGAWKHAQRIETWILRHPGFTIMAAILAYTIGTTYFQRVLIFILLTAVAPSMTMRCIGISNRDFVEGVSGGSWVDIVLEHGSCVTTMAKNKPTLDFELIKTEAKQPATLRKYCIEAKLTNTTTASRCPTQGEPSLNEEQDKRFVCKHSMVDRGWGNGCGLFGKGGIVTCAMFTCKKNMEGKIVQPENLEYTIVVTPHSGEENAVGNDTGKHGKEIKVTPQSSITEAELTGYGTVTMECSPRTGLDFNEMVLLQMENKAWLVHRQWFLDLPLPWLPGADIQGSNWIQKETLVTFKNPHAKKQDVVVLGSQEGAMHTALTGATEIQMSSGNLLFTGHLKCRLRMDKLQLKGMSYSMCTGKFKVVKEIAETQHGTIVVRVQYEGDGSPCKIPFEIMDLEKRHVLGRLITVNPIVTEKDSPVNIEAEPPFGDSYIIIGVEPGQLKLSWFKKGSSIGQMFETTMRGAKRMAILGDTAWDFGSLGGVFTSIGKALHQVFGAIYGAAFSGVSWTMKILIGVVITWIGMNSRSTSLSVSLVLVGVVTLYLGVMVQADSGCVVSWKNKELKCG,,,,,,,,
tr|K9LWU5|K9LWU5_9FLAV Genome polyprotein (Fragment) OS=dengue virus type 2 OX=11060 PE=4 SV=1,MNNQRKKARNTPFNMLKRERNRVSTVQQLTKRFSLGMLQGRGPLKLFMALVAFLRFLTIPPTAGILKRWGTIKKSKAINVLRGFRKEIGRMLNILNRRRRTAGVIIMLIPTAMAFHLTTRNGEPHMIVSKQEKGKSLLFKTEDGVNMCTLMAMDLGELCEDTITYNCPLLRQNEPEDIDCWCNATSTWVTYGTCTATGEHRREKRSVALVPHVGMGLETRTETWMSSEGAWKHAQRIETWILRHPGFTIMAAILAYTIGTTYFQRVLIFILLTAVAPSMTMRCIGISNRDFVEGVSGGSWVDIVLEHGSCVTTMAKNKPTLDFELIKTEAKQPATLRKYCIEAKLTNTTTASRCPTQGEPSLNEEQDKRFVCKHSMVDRGWGNGCGLFGKGGIVTCAMFTCKKNMEGKIVQPENLEYTIVVTPHSGEENAVGNDTGKHGKEIKVTPQSSITEAELTGYGTVTMECSPRTGLDFNEMVLLQMENKAWLVHRQWFLDLPLPWLPGADIQGSNWIQKEMLVTFKNPHAKKQDVVVLGSQEGAMHTALTGATEIQMSSGNLLFTGHLKCRLRMDKLQLKGMSYSMCTGKFKVVKEIAETQHGTIVVRVQYEGDGSPCKIPFEIMDLEKRHVLGRLITVNPIVTGKDSPVNIEAEPPFGDSYIIIGVEPGQLKLSWFKKGSSIGQMFETTMRGAKRMAILGDTAWDFGSLGGVFTSIGKALHQVFGAIYGAAFSGVSWTMKILIGVVITWIGMNSRSTSLSVSLVLVGVVTLYLGVMVQADSGCVVSWKNKELKCG,,,,,,,,
tr|K9LWV0|K9LWV0_9FLAV Genome polyprotein (Fragment) OS=dengue virus type 2 OX=11060 PE=4 SV=1,MNNQRKKARNTPFNMLKRERNRVSTVQQLTKRFSLGMLQGRGPLKLFMALVAFLRFLTIPPTAGILKRWGTIKKSKAINVLRGFRKEIGRMLNILNRRRRTAGVIIMLIPTAMAFHLTTRNGEPHMIVSKQEKGKSLLFKTEDGVNMCTLMAMDLGELCEDTITYNCPLLRQNEPEDIDCWCNATSTWVTYGTCTATGEHRREKRSVALVPHVGMGLETRTETWMSSEGAWKHAQRIETWILRHPGFTIMAAILAYTIGTTYFQRVLIFILLTAVAPSMTMRCIGISNRDFVEGVSGGSWVDIVLEHGSCVTTMAKNKPTLDFELIKTEAKQPANLRKYCIEAKLTNTTTASRCPTQGEPSLNEEQDKRFVCKHSMVDRGWGNGCGLFGKGGIVTCAMFTCKKNMEGKIVQPENLEYTIVVTPHSGEENAVGNDTGKHGKEIKVTPQSSITEAELTGYGTVTMECSPRTGLDFNEMVLLQMENKAWLVHRQWFLDLPLPWLPGADIQGSNWIQKETLVTFKNPHAKKQDVVVLGSQEGAMHTALTGATEIQMSSGNLLFTGHLKCRLRMDKLQLKGMSYSMCTGKFKVVKEIAETQHGTIVVRVQYEGDGSPCKIPFEIMDLEKRHVLGRLITVNPIVTEKDSPVNIEAEPPFGDSYIIIGVEPGQLKLSWFKKGSSIGQMFETTMRGAKRMAILGDTAWDFGSLGGVFTSIGKALHQVFGAIYGAAFSGVSWTMKILIGVVITWIGMNSRSTSLSVSLVLVGVVTLYLGVMVQADSGCVVSWKNKELKCG,,,,,,,,
tr|K9LWV5|K9LWV5_9FLAV Genome polyprotein (Fragment) OS=dengue virus type 2 OX=11060 PE=4 SV=1,MNNQRKKARNTPFNMLKRERNRVSTVQQLTKRFSLGMLQGRGPLKLFMALVAFLRFLTIPPTAGILKRWGTIKKSKAINVLRGFRKEIGRMLNILNRRRRTAGVIIMLIPTAMAFHLTTRNGEPHMIVSKQEKGKSLLFKTEDGVNMCTLMAMDLGELCEDTITYNCPLLRQNEPEDIDCWCNATSTWVTYGTCTATGEHRREKRSVALVPHVGMGLETRTETWMSSEGAWKHAQRIETWILRHPGFTIMAAILAYTIGTTYFQRVLIFILLTAVAPSMTMRCIGISNRDFVEGVSGGSWVDIVLEHGSCVTTMAKNKPTLDFELIKTEAKQPATLRKYCIEAKLTNTTTASRCPTQGEPSLNEEQDKRFVCKHSMVDRGWGNGCGLFGKGGIVTCAMFTCKKNMEGKIVQPENLEYTIVVTPHSGEENAVGNDTGKHGKEIKVTPQSSITEAELTGYGTVTMECSPRTGLDFNEMVLLQMENKAWLVHRQWFLDLPLPWLPGADIQGSNWIQKETLVTFKNPHAKKQDVVVLGSQEGAMHTALTGATEIQMSSGNLLFTGHLKCRLRMDKLQLKGMSYSMCTGKFKVVKEIAETQHGTIVVRVQYEGDGSPCKIPFEIMDLEKRHVLGRLITVNPIVTEKDSPVNIEAEPPFGDSYIIIGVEPGQLKLSWFKKGSSIGQMFETTMRGAKRMAILGDTAWDFGSLGGVFTSIGKALHQVFGAIYGAAFSGVSWTMKILIGVVITWIGMNSRSTSLSVSLVLVGVVTLYLGVMVQADSGCVVSWKNKELKCG,,,,,,,,
tr|K9LY25|K9LY25_9FLAV Genome polyprotein (Fragment) OS=dengue virus type 2 OX=11060 PE=4 SV=1,MNNQRKKARNTPFNMLKRERNRVSTVQQLTKRFSLGMLQGRGPLKLFMALVAFLRFLTIPPTAGILKRWGTIKKSKAINVLRGFRKEIGRMLNILNRRRRTAGVIIMLIPTAMAFHLTTRNGEPHMIVSKQEKGKSLLFKTEDGVNMCTLMAMDLGELCEDTITYNCPLLRQNEPEDIDCWCNATSTWVTYGTCTATGEHRREKRSVALVPHVGMGLETRTETWMSSEGAWKHAQRIETWILRHPGFTIMAAILAYTIGTTYFQRVLIFILLTAVAPSMTMRCIGISNRDFVEGISGGSWVDIVLEHGSCVTTMAKNKPTLDFELIKTEAKQPATLRKYCIEAKLTNTTTASRCPTQGEPSLNEEQDKRFVCKHSMVDRGWGNGCGLFGKGGIVTCAMFTCKKNMEGKIVQPENLEYTIVVTPHSGEENAVGNDTGKHGKEIKVTPQSSITEAELTGYGTVTMECSPRTGLDFNEMVLLQMENKAWLVHRQWFLDLPLPWLPGADIQGSNWIQKETLVTFKNPHAKKQDVVVLGSQEGAMHTALTGATEIQMSSGNLLFTGHLKCRLRMDKLQLKGMSYSMCTGKFKVVKEIAETQHGTIVVRVQYEGDGSPCKIPFEIMDLEKRHVLGRLITVNPIVTGKDSPVNIEAEPPYGDSYIIIGVEPGQLKLSWFKKGSSIGQMFETTMRGAKRMAILGDTAWDFGSLGGVFTSIGKALHQVFGAIYGAAFSGVSWTMKILIGVVITWIGMNSRSTSLSVSLVLVGVVTLYLGVMVQADSGCVVSWKNKELKCG,,,,,,,,
tr|W0LLB2|W0LLB2_9FLAV Polyprotein (Fragment) OS=dengue virus type 2 OX=11060 PE=4 SV=1,EEREIPERSWNSGHEWVTDFKGKTVWFVPSIKAGNDIAACLRKNGKKVIQLSRKTFDSEYVKTRTNDWDFVVTTDISEMGANFKAERVIDPRRCMKPVILTDGEERVILAGPMPVTHSSAAQRRGRIGRNPKNENDQYIYMGEPLENDEDCAHWKEAKMLLDNINTPEGIIPSMFEPEREKVDAIDGEYRLRGEARKTFVDLMRRGDLPVWLAYKVAAEGINYADRRWCFDGIKNNQILEENVEVEIWTKEGERKKLKPRWLDARIYSDPLALKEFKEFAAGRKSLTLNLITEMGRLPTFMTQKTRDALDNLAVLHTAEAGGRAYNHALSELPETLETLLLLTLLATVTGGIFLFLMSGRGIGKMTLGMCCIITASILLWYAQIQPHWIAASIILEFFLIVLLIPEPEKQRTPQDNQLTYVVIAILTVVAATMANEMGFLEKTKKDLGLGSIATQQPESNILDIDLRPASAWTLYAVATTFVTPMLRHSIENSSVNVSLTAIANQATVLMGLGKGWPLSKMDIGVPLLAIGCYSQVNPITLTAALLLLVAHYAIIGPGLQAKATREAQKRAAAGIMKNPTVDGITVIDLDPIPYDPKFEKQLGQVMLLILCVTQVLMMRTTWALCEALTLATGPISTLWEGNPGRFWNTTIAVSMANIFRGSYXXXXXXXXXXXXXXXXXXXXXXXXXXXLGEKWKSRLNALGKSEFQIYKKSGIQEVDRTLAKEGIKRGETDHHAVSRGSAKLRWFVERNMVTPEGKVVDLGCGRGGWSYYCGGLKNVREVKGLTKGGPGHEEPIPMSTYGWNLVRLQSGVDVFFIPPEKCDTLLCDIGESSPNPTVEAGRTLRVLNLVENWLNNNTQFCIKVLNPYMPSVIEKMEALQRKYGGALVRNPLSRNSTHEMYWVSNASGNIVSSVNMISRMLINRFTMRHKKATYEPDVDLGSGTRNIGIESETPNLDIIGKRIEKIKEEHETSWHYDQDHPYKTWAYHGSYETKQTGSASSMVNGVVRLLTKPWDVLPTVTQMAMTDTTPFGQQRVFKEKVDTRTQEPKEGTKKLMKITAEWLWKELGKKKTPRMCTREEFTRKVRSNAALGAIFTDENKWKSAREAVEDSRFWELVDKERNLHLEGKCETCVYNMMGKREKKLGEFGKAKGSRAIWYMWLGARFLEFEALGFLNEDHWFSRENSLSGVEGEGLHKLGYILRDVSKKEGGAMYADDTAGWDTRITLEDLKNEEMVTNHMEGEHKKLAEAIFKLTYQNKVVRVQRPTPRGTVMDIISRRDQRGSGQVGTYGLNTFTNMEAQLIRQMEGEGVFKNIQHLTVTEEAAVQNWLARVGRERLSRMAISGDDCVVKPLDDRFANALTALNDMGKIRKDIQQWEPSKGWNDWTQVPFCSHHFHELIMKDGRVLVVPCRNQDELIGRARISQGAGWSLRETACLGKSYAQMWSLMYFHRRDLRLAANAICSAVPSHWVPTSRTTWSIHAKHEWMTTEDMLTVWNRVWIRENPWMEDKTPVESWEEIPYLGKREDQWCGSLIGLTSRATWAKNIQAAINQVRSLIGNEEYTDYMPSMKRFRREEEEAGVLW,,,,,,,,
tr|A0T4E5|A0T4E5_9FLAV Nonstructural protein (Fragment) OS=dengue virus type 2 OX=11060 PE=4 SV=1,DNLAVLHTAEAGGRAYNHALSELPETLETLLLLTLLATVTGGIFLFLMSGRGIGKMTLGMCCIITASILLWYAQIQPHWIAASIILEFFLIVLLIPEPEKQRTPQDNQLTYVVIAILTVVAATMANEMGFLEKTKKDLGLGSITTQQPESNILDIDLRPASAWTLYAVATTFVTPMLRHSIENSSVNVSLTAIANQATVLMGLGKGWPLSKMDIGVPLLAIGCYSQVNPITLTAALFLLVAHYAIIGPGLQAKATREAQKRAAAGIMKNPTVGRITVIDLDPIPYDPKFEKQLGQVMLLVLCVTQVLMMRTTWALCEALTLATGPISTLWEGNPGRFWNTTIAVSMANIFRGSYLAGAGLLFSIMKNTTNTRRGTGNIGETLGEKWKSRLNALGKSEFQIYKKSGIQEVDRTLAKEGIKRGETDHHAVSRGSAKLRWFVERNMVTPEGKVVDLGCGRGGWSYYCGGLKNVREVKGLTKGGPGHEEPIPMSTYGWNLVRLQSGVDVFFTPPEKCDTLLCDIGESSPNPTVEAGRTLRVLNLVENWLNNNTQFCIKVLNPYMPSVIEKMEALQRKYGGALVRNPLSRNSTHEMYWVSNASGNIVSSVNMISRMLINRFTMRHKKATYEPDVDLGSGTRNIGIESE,,,,,,,,
tr|D4QFF9|D4QFF9_9FLAV Polyprotein (Fragment) OS=dengue virus type 2 OX=11060 PE=4 SV=1,AERVIDPRRCMKPXILTDGEERVILAGPMPVTHSSAAQRRGRIGRNPKNENDQYIYMGEPLENDEDCAHWKEAKMLLDNINTPEGIIPSMFEPEREKVDAIDGEYRLRGEARKTFVDLMRRGDLPVWLAYKVAAEGINYADRRWCFDGIKNNQILEENVEVEIWTKEGERKKLKPRWLDARIYSDPLALKEFKEFAAGRKSLTLNLITEMGRLPTFMTQKTRDALDNLAVLHTAEAGGRAYNHALSELPETLETLLLLTLLATVTGGIFLFLMSGRGIGKMTLGMCCIITASILLWYAQIQPHWIAASIILEFFLIVLLIPEPEKQRTPQDNQLTYVVIAILTVVAATMANEMGFLEKTKKDLGLGSIATQQPESNILDIDLRPASAWTLYAVATTFVTPMLRHSIENSSVNVSLTAIANQATVLMGLGKGWPLSKMDIGVPLLAIGCYSQVNPITLTAALLLLVAHYAIIGPGLQAKATREAQKRAAAGIMKNPTVDGITVIDLDPIPYDPKFEKQLGQVMLLILCVTQVLMMRTTWALCEALTLATGPISTLWEGNPGRFWNTTIAVSMANIFRGSYLAGAGLLFSIMKNTTNTRRGTGNIGETLGEKWKSRLNALGKSEFQIYKKSGIQEVDRTLAKEGIKRGETDHHAVSRGSAKLRWFVERNMVTPEGKVVDLGCGRGGWSYYCGGLKNVREVKGLTKGGPGHEEPIPMSTYGWNLVRLQSGVDVFFIPPEKCDTLLCDIGESSPNPTVEAGRTLRVLNLVENWLNNNTQFCIKVLNPYMPSVIEKMEALQRKYGGALVRNPLSRNSTHEMYWVSNASGNIVSSVNMISRMLINRFTMRHKKATYEPDVDLGSGTRNIGIESEIPNLDIIGKRIEKIKQEHETSWHYDQDHPYKTWAYHGSYETKQTGSASSMVNGVVRLLTKPWDVLPTVTQMAMTDTTPFGQQRVFKEKVDTRTQEPKEGTKKLMKITAEWLWKELGKKKTPRMCTREEFTRKVRSNAALGAIFTDENKWKSAREAVEDSRFWELVDKERNLHLEGKCETCVYNMMGKREKKLGEFGKAKGSRAIWYMWLGARFLEFEALGFLNEDHWFSRENSLSGVEGEGLHKLGYILRDVSKKEGGAMYADDTAGWDTRITLEDLKNEEMVTNHMEGEHKKLAEAIFKLTYQNKVVRVQRPTPRGTVMDIISRRDQRGSGQVGTYGLNTFTNMEAQLIRQMEGEGVFKNIQHLTVTEEVAVQNWLARVGRERLSRMAISGDDCVVKPLDDRFANALTALNDMGKIRKDIQQWEPSKGWNDWTQVPFCSHHFHELIMKDGRVLVVPCRNQDELIGRARISQGAGWSLRETACLGKSYAQMWSLMYFHRRDLRLAANAICSAVPSHWVPTSRTTWSIHAKHEWMTTEDMLTVWNRVWIRENPWMEDKTPVESWEEIPYLGKREDQWCGSLIGLTSRATWAKNIQAAINQVRSLIGNEEYTDYMPSMKRFXREEEEAGVLW,,,,,,,,
tr|D4QFG0|D4QFG0_9FLAV Polyprotein (Fragment) OS=dengue virus type 2 OX=11060 PE=4 SV=1,AERVIDPRRCMKPXILTDGEERVILAGPMPVTHSSAAQRRGRIGRNPKNENDQYIYMGEPLENDEDCAHWKEAKMLLDNINTPEGIIPSMFEPEREKVDAIDGEYRLRGEARKTFVDLMRRGDLPVWLAYKVAAEGINYADRRWCFDGIKNNQILEENVEVEIWTKEGERKKLKPRWLDARIYSDPLALKEFKEFAAGRKSLTLNLITEMGRLPTFMTQKTRDALDNLAVLHTAEAGGRAYNHALSELPETLETLLLLTLLATVTGGIFLFLMSGRGIGKMTLGMCCIITASILLWYAQIQPHWIAASIILEFFLIVLLIPEPEKQRTPQDNQLTYVVIAILTVVAATMANEMGFLEKTKKDLGLGSIATQQPESNILDIDLRPASAWTLYAVATTFVTPMLRHSIENSSVNVSLTAIANQATVLMGLGKGWPLSKMDIGVPLLAIGCYSQVNPITLTAALLLLVAHYAIIGPGLQAKATREAQKRAAAGIMKNPTVDGITVIDLDPIPYDPKFEKQLGQVMLLILCVTQVLMMRTTWALCEALTLATGPISTLWEGNPGRFWNTTIAVSMANIFRGSYLAGAGLLFSIMKNTTNTRRGTGNIGETLGEKWKSRLNALGKSEFQIYKKSGIQEVDRTLAKEGIKRGETDHHAVSRGSAKLRWFVERNMVTPEGKVVDLGCGRGGWSYYCGGLKNVREVKGLTKGGPGHEEPIPMSTYGWNLVRLQSGVDVFFIPPEKCDTLLCDIGESSPNPTVEAGRTLRVLNLVENWLNNNTQFCIKVLNPYMPSVIEKMEALQRKYGGALVRNPLSRNSTHEMYWVSNASGNIVSSVNMISRMLINRFTMRHKKATYEPDVDLGSGTRNIGIESEIPNLDIIGKRIEKIKQEHETSWHYDQDHPYKTWAYHGSYETKQTGSASSMVNGVVRLLTKPWDVLPTVTQMAMTDTTPFGQQRVFKEKVDTRTQEPKEGTKKLMKITAEWLWKELGKKKTPRMCTREEFTRKVRSNAALGAIFTDENKWKSAREAVEDSRFWELVDKERNLHLEGKCETCVYNMMGKREKKLGEFGKAKGSRAIWYMWLGARFLEFEALGFLNEDHWFSRENSLSGVEGEGLHKLGYILRDVSKKEGGAMYADDTAGWDTRITLEDLKNEEMVTNHMEGEHKKLAEAIFKLTYQNKVVRVQRPTPRGTVMDIISRRDQRGSGQVGTYGLNTFTNMEAQLIRQMEGEGVFKNIQHLTVTEEVAVQNWLARVGRERLSRMAISGDDCVVKPLDDRFANALTALNDMGKIRKDIQQWEPSKGWNDWTQVPFCSHHFHELIMKDGRVLVVPCRNQDELIGRARISQGAGWSLRETACLGKSYAQMWSLMYFHRRDLRLAANAICSAVPSHWVPTSRTTWSIHAKHEWMTTEDMLTVWNRVWIRENPWMEDKTPVESWEEIPYLGKREDQWCGSLIGLTSRATWAKNIQAAINQVRSLIGNEEYTDYMPSMKRFXREEEEAGVLW,,,,,,,,
tr|W0LLB2|W0LLB2_9FLAV Polyprotein (Fragment) OS=dengue virus type 2 OX=11060 PE=4 SV=1,EEREIPERSWNSGHEWVTDFKGKTVWFVPSIKAGNDIAACLRKNGKKVIQLSRKTFDSEYVKTRTNDWDFVVTTDISEMGANFKAERVIDPRRCMKPVILTDGEERVILAGPMPVTHSSAAQRRGRIGRNPKNENDQYIYMGEPLENDEDCAHWKEAKMLLDNINTPEGIIPSMFEPEREKVDAIDGEYRLRGEARKTFVDLMRRGDLPVWLAYKVAAEGINYADRRWCFDGIKNNQILEENVEVEIWTKEGERKKLKPRWLDARIYSDPLALKEFKEFAAGRKSLTLNLITEMGRLPTFMTQKTRDALDNLAVLHTAEAGGRAYNHALSELPETLETLLLLTLLATVTGGIFLFLMSGRGIGKMTLGMCCIITASILLWYAQIQPHWIAASIILEFFLIVLLIPEPEKQRTPQDNQLTYVVIAILTVVAATMANEMGFLEKTKKDLGLGSIATQQPESNILDIDLRPASAWTLYAVATTFVTPMLRHSIENSSVNVSLTAIANQATVLMGLGKGWPLSKMDIGVPLLAIGCYSQVNPITLTAALLLLVAHYAIIGPGLQAKATREAQKRAAAGIMKNPTVDGITVIDLDPIPYDPKFEKQLGQVMLLILCVTQVLMMRTTWALCEALTLATGPISTLWEGNPGRFWNTTIAVSMANIFRGSYXXXXXXXXXXXXXXXXXXXXXXXXXXXLGEKWKSRLNALGKSEFQIYKKSGIQEVDRTLAKEGIKRGETDHHAVSRGSAKLRWFVERNMVTPEGKVVDLGCGRGGWSYYCGGLKNVREVKGLTKGGPGHEEPIPMSTYGWNLVRLQSGVDVFFIPPEKCDTLLCDIGESSPNPTVEAGRTLRVLNLVENWLNNNTQFCIKVLNPYMPSVIEKMEALQRKYGGALVRNPLSRNSTHEMYWVSNASGNIVSSVNMISRMLINRFTMRHKKATYEPDVDLGSGTRNIGIESETPNLDIIGKRIEKIKEEHETSWHYDQDHPYKTWAYHGSYETKQTGSASSMVNGVVRLLTKPWDVLPTVTQMAMTDTTPFGQQRVFKEKVDTRTQEPKEGTKKLMKITAEWLWKELGKKKTPRMCTREEFTRKVRSNAALGAIFTDENKWKSAREAVEDSRFWELVDKERNLHLEGKCETCVYNMMGKREKKLGEFGKAKGSRAIWYMWLGARFLEFEALGFLNEDHWFSRENSLSGVEGEGLHKLGYILRDVSKKEGGAMYADDTAGWDTRITLEDLKNEEMVTNHMEGEHKKLAEAIFKLTYQNKVVRVQRPTPRGTVMDIISRRDQRGSGQVGTYGLNTFTNMEAQLIRQMEGEGVFKNIQHLTVTEEAAVQNWLARVGRERLSRMAISGDDCVVKPLDDRFANALTALNDMGKIRKDIQQWEPSKGWNDWTQVPFCSHHFHELIMKDGRVLVVPCRNQDELIGRARISQGAGWSLRETACLGKSYAQMWSLMYFHRRDLRLAANAICSAVPSHWVPTSRTTWSIHAKHEWMTTEDMLTVWNRVWIRENPWMEDKTPVESWEEIPYLGKREDQWCGSLIGLTSRATWAKNIQAAINQVRSLIGNEEYTDYMPSMKRFRREEEEAGVLW,,,,,,,,
tr|A0T4E5|A0T4E5_9FLAV Nonstructural protein (Fragment) OS=dengue virus type 2 OX=11060 PE=4 SV=1,DNLAVLHTAEAGGRAYNHALSELPETLETLLLLTLLATVTGGIFLFLMSGRGIGKMTLGMCCIITASILLWYAQIQPHWIAASIILEFFLIVLLIPEPEKQRTPQDNQLTYVVIAILTVVAATMANEMGFLEKTKKDLGLGSITTQQPESNILDIDLRPASAWTLYAVATTFVTPMLRHSIENSSVNVSLTAIANQATVLMGLGKGWPLSKMDIGVPLLAIGCYSQVNPITLTAALFLLVAHYAIIGPGLQAKATREAQKRAAAGIMKNPTVGRITVIDLDPIPYDPKFEKQLGQVMLLVLCVTQVLMMRTTWALCEALTLATGPISTLWEGNPGRFWNTTIAVSMANIFRGSYLAGAGLLFSIMKNTTNTRRGTGNIGETLGEKWKSRLNALGKSEFQIYKKSGIQEVDRTLAKEGIKRGETDHHAVSRGSAKLRWFVERNMVTPEGKVVDLGCGRGGWSYYCGGLKNVREVKGLTKGGPGHEEPIPMSTYGWNLVRLQSGVDVFFTPPEKCDTLLCDIGESSPNPTVEAGRTLRVLNLVENWLNNNTQFCIKVLNPYMPSVIEKMEALQRKYGGALVRNPLSRNSTHEMYWVSNASGNIVSSVNMISRMLINRFTMRHKKATYEPDVDLGSGTRNIGIESE,,,,,,,,
tr|D4QFF9|D4QFF9_9FLAV Polyprotein (Fragment) OS=dengue virus type 2 OX=11060 PE=4 SV=1,AERVIDPRRCMKPXILTDGEERVILAGPMPVTHSSAAQRRGRIGRNPKNENDQYIYMGEPLENDEDCAHWKEAKMLLDNINTPEGIIPSMFEPEREKVDAIDGEYRLRGEARKTFVDLMRRGDLPVWLAYKVAAEGINYADRRWCFDGIKNNQILEENVEVEIWTKEGERKKLKPRWLDARIYSDPLALKEFKEFAAGRKSLTLNLITEMGRLPTFMTQKTRDALDNLAVLHTAEAGGRAYNHALSELPETLETLLLLTLLATVTGGIFLFLMSGRGIGKMTLGMCCIITASILLWYAQIQPHWIAASIILEFFLIVLLIPEPEKQRTPQDNQLTYVVIAILTVVAATMANEMGFLEKTKKDLGLGSIATQQPESNILDIDLRPASAWTLYAVATTFVTPMLRHSIENSSVNVSLTAIANQATVLMGLGKGWPLSKMDIGVPLLAIGCYSQVNPITLTAALLLLVAHYAIIGPGLQAKATREAQKRAAAGIMKNPTVDGITVIDLDPIPYDPKFEKQLGQVMLLILCVTQVLMMRTTWALCEALTLATGPISTLWEGNPGRFWNTTIAVSMANIFRGSYLAGAGLLFSIMKNTTNTRRGTGNIGETLGEKWKSRLNALGKSEFQIYKKSGIQEVDRTLAKEGIKRGETDHHAVSRGSAKLRWFVERNMVTPEGKVVDLGCGRGGWSYYCGGLKNVREVKGLTKGGPGHEEPIPMSTYGWNLVRLQSGVDVFFIPPEKCDTLLCDIGESSPNPTVEAGRTLRVLNLVENWLNNNTQFCIKVLNPYMPSVIEKMEALQRKYGGALVRNPLSRNSTHEMYWVSNASGNIVSSVNMISRMLINRFTMRHKKATYEPDVDLGSGTRNIGIESEIPNLDIIGKRIEKIKQEHETSWHYDQDHPYKTWAYHGSYETKQTGSASSMVNGVVRLLTKPWDVLPTVTQMAMTDTTPFGQQRVFKEKVDTRTQEPKEGTKKLMKITAEWLWKELGKKKTPRMCTREEFTRKVRSNAALGAIFTDENKWKSAREAVEDSRFWELVDKERNLHLEGKCETCVYNMMGKREKKLGEFGKAKGSRAIWYMWLGARFLEFEALGFLNEDHWFSRENSLSGVEGEGLHKLGYILRDVSKKEGGAMYADDTAGWDTRITLEDLKNEEMVTNHMEGEHKKLAEAIFKLTYQNKVVRVQRPTPRGTVMDIISRRDQRGSGQVGTYGLNTFTNMEAQLIRQMEGEGVFKNIQHLTVTEEVAVQNWLARVGRERLSRMAISGDDCVVKPLDDRFANALTALNDMGKIRKDIQQWEPSKGWNDWTQVPFCSHHFHELIMKDGRVLVVPCRNQDELIGRARISQGAGWSLRETACLGKSYAQMWSLMYFHRRDLRLAANAICSAVPSHWVPTSRTTWSIHAKHEWMTTEDMLTVWNRVWIRENPWMEDKTPVESWEEIPYLGKREDQWCGSLIGLTSRATWAKNIQAAINQVRSLIGNEEYTDYMPSMKRFXREEEEAGVLW,,,,,,,,
tr|D4QFG0|D4QFG0_9FLAV Polyprotein (Fragment) OS=dengue virus type 2 OX=11060 PE=4 SV=1,AERVIDPRRCMKPXILTDGEERVILAGPMPVTHSSAAQRRGRIGRNPKNENDQYIYMGEPLENDEDCAHWKEAKMLLDNINTPEGIIPSMFEPEREKVDAIDGEYRLRGEARKTFVDLMRRGDLPVWLAYKVAAEGINYADRRWCFDGIKNNQILEENVEVEIWTKEGERKKLKPRWLDARIYSDPLALKEFKEFAAGRKSLTLNLITEMGRLPTFMTQKTRDALDNLAVLHTAEAGGRAYNHALSELPETLETLLLLTLLATVTGGIFLFLMSGRGIGKMTLGMCCIITASILLWYAQIQPHWIAASIILEFFLIVLLIPEPEKQRTPQDNQLTYVVIAILTVVAATMANEMGFLEKTKKDLGLGSIATQQPESNILDIDLRPASAWTLYAVATTFVTPMLRHSIENSSVNVSLTAIANQATVLMGLGKGWPLSKMDIGVPLLAIGCYSQVNPITLTAALLLLVAHYAIIGPGLQAKATREAQKRAAAGIMKNPTVDGITVIDLDPIPYDPKFEKQLGQVMLLILCVTQVLMMRTTWALCEALTLATGPISTLWEGNPGRFWNTTIAVSMANIFRGSYLAGAGLLFSIMKNTTNTRRGTGNIGETLGEKWKSRLNALGKSEFQIYKKSGIQEVDRTLAKEGIKRGETDHHAVSRGSAKLRWFVERNMVTPEGKVVDLGCGRGGWSYYCGGLKNVREVKGLTKGGPGHEEPIPMSTYGWNLVRLQSGVDVFFIPPEKCDTLLCDIGESSPNPTVEAGRTLRVLNLVENWLNNNTQFCIKVLNPYMPSVIEKMEALQRKYGGALVRNPLSRNSTHEMYWVSNASGNIVSSVNMISRMLINRFTMRHKKATYEPDVDLGSGTRNIGIESEIPNLDIIGKRIEKIKQEHETSWHYDQDHPYKTWAYHGSYETKQTGSASSMVNGVVRLLTKPWDVLPTVTQMAMTDTTPFGQQRVFKEKVDTRTQEPKEGTKKLMKITAEWLWKELGKKKTPRMCTREEFTRKVRSNAALGAIFTDENKWKSAREAVEDSRFWELVDKERNLHLEGKCETCVYNMMGKREKKLGEFGKAKGSRAIWYMWLGARFLEFEALGFLNEDHWFSRENSLSGVEGEGLHKLGYILRDVSKKEGGAMYADDTAGWDTRITLEDLKNEEMVTNHMEGEHKKLAEAIFKLTYQNKVVRVQRPTPRGTVMDIISRRDQRGSGQVGTYGLNTFTNMEAQLIRQMEGEGVFKNIQHLTVTEEVAVQNWLARVGRERLSRMAISGDDCVVKPLDDRFANALTALNDMGKIRKDIQQWEPSKGWNDWTQVPFCSHHFHELIMKDGRVLVVPCRNQDELIGRARISQGAGWSLRETACLGKSYAQMWSLMYFHRRDLRLAANAICSAVPSHWVPTSRTTWSIHAKHEWMTTEDMLTVWNRVWIRENPWMEDKTPVESWEEIPYLGKREDQWCGSLIGLTSRATWAKNIQAAINQVRSLIGNEEYTDYMPSMKRFXREEEEAGVLW,,,,,,,,
tr|W0LLB2|W0LLB2_9FLAV Polyprotein (Fragment) OS=dengue virus type 2 OX=11060 PE=4 SV=1,EEREIPERSWNSGHEWVTDFKGKTVWFVPSIKAGNDIAACLRKNGKKVIQLSRKTFDSEYVKTRTNDWDFVVTTDISEMGANFKAERVIDPRRCMKPVILTDGEERVILAGPMPVTHSSAAQRRGRIGRNPKNENDQYIYMGEPLENDEDCAHWKEAKMLLDNINTPEGIIPSMFEPEREKVDAIDGEYRLRGEARKTFVDLMRRGDLPVWLAYKVAAEGINYADRRWCFDGIKNNQILEENVEVEIWTKEGERKKLKPRWLDARIYSDPLALKEFKEFAAGRKSLTLNLITEMGRLPTFMTQKTRDALDNLAVLHTAEAGGRAYNHALSELPETLETLLLLTLLATVTGGIFLFLMSGRGIGKMTLGMCCIITASILLWYAQIQPHWIAASIILEFFLIVLLIPEPEKQRTPQDNQLTYVVIAILTVVAATMANEMGFLEKTKKDLGLGSIATQQPESNILDIDLRPASAWTLYAVATTFVTPMLRHSIENSSVNVSLTAIANQATVLMGLGKGWPLSKMDIGVPLLAIGCYSQVNPITLTAALLLLVAHYAIIGPGLQAKATREAQKRAAAGIMKNPTVDGITVIDLDPIPYDPKFEKQLGQVMLLILCVTQVLMMRTTWALCEALTLATGPISTLWEGNPGRFWNTTIAVSMANIFRGSYXXXXXXXXXXXXXXXXXXXXXXXXXXXLGEKWKSRLNALGKSEFQIYKKSGIQEVDRTLAKEGIKRGETDHHAVSRGSAKLRWFVERNMVTPEGKVVDLGCGRGGWSYYCGGLKNVREVKGLTKGGPGHEEPIPMSTYGWNLVRLQSGVDVFFIPPEKCDTLLCDIGESSPNPTVEAGRTLRVLNLVENWLNNNTQFCIKVLNPYMPSVIEKMEALQRKYGGALVRNPLSRNSTHEMYWVSNASGNIVSSVNMISRMLINRFTMRHKKATYEPDVDLGSGTRNIGIESETPNLDIIGKRIEKIKEEHETSWHYDQDHPYKTWAYHGSYETKQTGSASSMVNGVVRLLTKPWDVLPTVTQMAMTDTTPFGQQRVFKEKVDTRTQEPKEGTKKLMKITAEWLWKELGKKKTPRMCTREEFTRKVRSNAALGAIFTDENKWKSAREAVEDSRFWELVDKERNLHLEGKCETCVYNMMGKREKKLGEFGKAKGSRAIWYMWLGARFLEFEALGFLNEDHWFSRENSLSGVEGEGLHKLGYILRDVSKKEGGAMYADDTAGWDTRITLEDLKNEEMVTNHMEGEHKKLAEAIFKLTYQNKVVRVQRPTPRGTVMDIISRRDQRGSGQVGTYGLNTFTNMEAQLIRQMEGEGVFKNIQHLTVTEEAAVQNWLARVGRERLSRMAISGDDCVVKPLDDRFANALTALNDMGKIRKDIQQWEPSKGWNDWTQVPFCSHHFHELIMKDGRVLVVPCRNQDELIGRARISQGAGWSLRETACLGKSYAQMWSLMYFHRRDLRLAANAICSAVPSHWVPTSRTTWSIHAKHEWMTTEDMLTVWNRVWIRENPWMEDKTPVESWEEIPYLGKREDQWCGSLIGLTSRATWAKNIQAAINQVRSLIGNEEYTDYMPSMKRFRREEEEAGVLW,,,,,,,,
tr|A0T4E5|A0T4E5_9FLAV Nonstructural protein (Fragment) OS=dengue virus type 2 OX=11060 PE=4 SV=1,DNLAVLHTAEAGGRAYNHALSELPETLETLLLLTLLATVTGGIFLFLMSGRGIGKMTLGMCCIITASILLWYAQIQPHWIAASIILEFFLIVLLIPEPEKQRTPQDNQLTYVVIAILTVVAATMANEMGFLEKTKKDLGLGSITTQQPESNILDIDLRPASAWTLYAVATTFVTPMLRHSIENSSVNVSLTAIANQATVLMGLGKGWPLSKMDIGVPLLAIGCYSQVNPITLTAALFLLVAHYAIIGPGLQAKATREAQKRAAAGIMKNPTVGRITVIDLDPIPYDPKFEKQLGQVMLLVLCVTQVLMMRTTWALCEALTLATGPISTLWEGNPGRFWNTTIAVSMANIFRGSYLAGAGLLFSIMKNTTNTRRGTGNIGETLGEKWKSRLNALGKSEFQIYKKSGIQEVDRTLAKEGIKRGETDHHAVSRGSAKLRWFVERNMVTPEGKVVDLGCGRGGWSYYCGGLKNVREVKGLTKGGPGHEEPIPMSTYGWNLVRLQSGVDVFFTPPEKCDTLLCDIGESSPNPTVEAGRTLRVLNLVENWLNNNTQFCIKVLNPYMPSVIEKMEALQRKYGGALVRNPLSRNSTHEMYWVSNASGNIVSSVNMISRMLINRFTMRHKKATYEPDVDLGSGTRNIGIESE,,,,,,,,
tr|D4QFF9|D4QFF9_9FLAV Polyprotein (Fragment) OS=dengue virus type 2 OX=11060 PE=4 SV=1,AERVIDPRRCMKPXILTDGEERVILAGPMPVTHSSAAQRRGRIGRNPKNENDQYIYMGEPLENDEDCAHWKEAKMLLDNINTPEGIIPSMFEPEREKVDAIDGEYRLRGEARKTFVDLMRRGDLPVWLAYKVAAEGINYADRRWCFDGIKNNQILEENVEVEIWTKEGERKKLKPRWLDARIYSDPLALKEFKEFAAGRKSLTLNLITEMGRLPTFMTQKTRDALDNLAVLHTAEAGGRAYNHALSELPETLETLLLLTLLATVTGGIFLFLMSGRGIGKMTLGMCCIITASILLWYAQIQPHWIAASIILEFFLIVLLIPEPEKQRTPQDNQLTYVVIAILTVVAATMANEMGFLEKTKKDLGLGSIATQQPESNILDIDLRPASAWTLYAVATTFVTPMLRHSIENSSVNVSLTAIANQATVLMGLGKGWPLSKMDIGVPLLAIGCYSQVNPITLTAALLLLVAHYAIIGPGLQAKATREAQKRAAAGIMKNPTVDGITVIDLDPIPYDPKFEKQLGQVMLLILCVTQVLMMRTTWALCEALTLATGPISTLWEGNPGRFWNTTIAVSMANIFRGSYLAGAGLLFSIMKNTTNTRRGTGNIGETLGEKWKSRLNALGKSEFQIYKKSGIQEVDRTLAKEGIKRGETDHHAVSRGSAKLRWFVERNMVTPEGKVVDLGCGRGGWSYYCGGLKNVREVKGLTKGGPGHEEPIPMSTYGWNLVRLQSGVDVFFIPPEKCDTLLCDIGESSPNPTVEAGRTLRVLNLVENWLNNNTQFCIKVLNPYMPSVIEKMEALQRKYGGALVRNPLSRNSTHEMYWVSNASGNIVSSVNMISRMLINRFTMRHKKATYEPDVDLGSGTRNIGIESEIPNLDIIGKRIEKIKQEHETSWHYDQDHPYKTWAYHGSYETKQTGSASSMVNGVVRLLTKPWDVLPTVTQMAMTDTTPFGQQRVFKEKVDTRTQEPKEGTKKLMKITAEWLWKELGKKKTPRMCTREEFTRKVRSNAALGAIFTDENKWKSAREAVEDSRFWELVDKERNLHLEGKCETCVYNMMGKREKKLGEFGKAKGSRAIWYMWLGARFLEFEALGFLNEDHWFSRENSLSGVEGEGLHKLGYILRDVSKKEGGAMYADDTAGWDTRITLEDLKNEEMVTNHMEGEHKKLAEAIFKLTYQNKVVRVQRPTPRGTVMDIISRRDQRGSGQVGTYGLNTFTNMEAQLIRQMEGEGVFKNIQHLTVTEEVAVQNWLARVGRERLSRMAISGDDCVVKPLDDRFANALTALNDMGKIRKDIQQWEPSKGWNDWTQVPFCSHHFHELIMKDGRVLVVPCRNQDELIGRARISQGAGWSLRETACLGKSYAQMWSLMYFHRRDLRLAANAICSAVPSHWVPTSRTTWSIHAKHEWMTTEDMLTVWNRVWIRENPWMEDKTPVESWEEIPYLGKREDQWCGSLIGLTSRATWAKNIQAAINQVRSLIGNEEYTDYMPSMKRFXREEEEAGVLW,,,,,,,,
tr|D4QFG0|D4QFG0_9FLAV Polyprotein (Fragment) OS=dengue virus type 2 OX=11060 PE=4 SV=1,AERVIDPRRCMKPXILTDGEERVILAGPMPVTHSSAAQRRGRIGRNPKNENDQYIYMGEPLENDEDCAHWKEAKMLLDNINTPEGIIPSMFEPEREKVDAIDGEYRLRGEARKTFVDLMRRGDLPVWLAYKVAAEGINYADRRWCFDGIKNNQILEENVEVEIWTKEGERKKLKPRWLDARIYSDPLALKEFKEFAAGRKSLTLNLITEMGRLPTFMTQKTRDALDNLAVLHTAEAGGRAYNHALSELPETLETLLLLTLLATVTGGIFLFLMSGRGIGKMTLGMCCIITASILLWYAQIQPHWIAASIILEFFLIVLLIPEPEKQRTPQDNQLTYVVIAILTVVAATMANEMGFLEKTKKDLGLGSIATQQPESNILDIDLRPASAWTLYAVATTFVTPMLRHSIENSSVNVSLTAIANQATVLMGLGKGWPLSKMDIGVPLLAIGCYSQVNPITLTAALLLLVAHYAIIGPGLQAKATREAQKRAAAGIMKNPTVDGITVIDLDPIPYDPKFEKQLGQVMLLILCVTQVLMMRTTWALCEALTLATGPISTLWEGNPGRFWNTTIAVSMANIFRGSYLAGAGLLFSIMKNTTNTRRGTGNIGETLGEKWKSRLNALGKSEFQIYKKSGIQEVDRTLAKEGIKRGETDHHAVSRGSAKLRWFVERNMVTPEGKVVDLGCGRGGWSYYCGGLKNVREVKGLTKGGPGHEEPIPMSTYGWNLVRLQSGVDVFFIPPEKCDTLLCDIGESSPNPTVEAGRTLRVLNLVENWLNNNTQFCIKVLNPYMPSVIEKMEALQRKYGGALVRNPLSRNSTHEMYWVSNASGNIVSSVNMISRMLINRFTMRHKKATYEPDVDLGSGTRNIGIESEIPNLDIIGKRIEKIKQEHETSWHYDQDHPYKTWAYHGSYETKQTGSASSMVNGVVRLLTKPWDVLPTVTQMAMTDTTPFGQQRVFKEKVDTRTQEPKEGTKKLMKITAEWLWKELGKKKTPRMCTREEFTRKVRSNAALGAIFTDENKWKSAREAVEDSRFWELVDKERNLHLEGKCETCVYNMMGKREKKLGEFGKAKGSRAIWYMWLGARFLEFEALGFLNEDHWFSRENSLSGVEGEGLHKLGYILRDVSKKEGGAMYADDTAGWDTRITLEDLKNEEMVTNHMEGEHKKLAEAIFKLTYQNKVVRVQRPTPRGTVMDIISRRDQRGSGQVGTYGLNTFTNMEAQLIRQMEGEGVFKNIQHLTVTEEVAVQNWLARVGRERLSRMAISGDDCVVKPLDDRFANALTALNDMGKIRKDIQQWEPSKGWNDWTQVPFCSHHFHELIMKDGRVLVVPCRNQDELIGRARISQGAGWSLRETACLGKSYAQMWSLMYFHRRDLRLAANAICSAVPSHWVPTSRTTWSIHAKHEWMTTEDMLTVWNRVWIRENPWMEDKTPVESWEEIPYLGKREDQWCGSLIGLTSRATWAKNIQAAINQVRSLIGNEEYTDYMPSMKRFXREEEEAGVLW,,,,,,,,
tr|W0LLB2|W0LLB2_9FLAV Polyprotein (Fragment) OS=dengue virus type 2 OX=11060 PE=4 SV=1,EEREIPERSWNSGHEWVTDFKGKTVWFVPSIKAGNDIAACLRKNGKKVIQLSRKTFDSEYVKTRTNDWDFVVTTDISEMGANFKAERVIDPRRCMKPVILTDGEERVILAGPMPVTHSSAAQRRGRIGRNPKNENDQYIYMGEPLENDEDCAHWKEAKMLLDNINTPEGIIPSMFEPEREKVDAIDGEYRLRGEARKTFVDLMRRGDLPVWLAYKVAAEGINYADRRWCFDGIKNNQILEENVEVEIWTKEGERKKLKPRWLDARIYSDPLALKEFKEFAAGRKSLTLNLITEMGRLPTFMTQKTRDALDNLAVLHTAEAGGRAYNHALSELPETLETLLLLTLLATVTGGIFLFLMSGRGIGKMTLGMCCIITASILLWYAQIQPHWIAASIILEFFLIVLLIPEPEKQRTPQDNQLTYVVIAILTVVAATMANEMGFLEKTKKDLGLGSIATQQPESNILDIDLRPASAWTLYAVATTFVTPMLRHSIENSSVNVSLTAIANQATVLMGLGKGWPLSKMDIGVPLLAIGCYSQVNPITLTAALLLLVAHYAIIGPGLQAKATREAQKRAAAGIMKNPTVDGITVIDLDPIPYDPKFEKQLGQVMLLILCVTQVLMMRTTWALCEALTLATGPISTLWEGNPGRFWNTTIAVSMANIFRGSYXXXXXXXXXXXXXXXXXXXXXXXXXXXLGEKWKSRLNALGKSEFQIYKKSGIQEVDRTLAKEGIKRGETDHHAVSRGSAKLRWFVERNMVTPEGKVVDLGCGRGGWSYYCGGLKNVREVKGLTKGGPGHEEPIPMSTYGWNLVRLQSGVDVFFIPPEKCDTLLCDIGESSPNPTVEAGRTLRVLNLVENWLNNNTQFCIKVLNPYMPSVIEKMEALQRKYGGALVRNPLSRNSTHEMYWVSNASGNIVSSVNMISRMLINRFTMRHKKATYEPDVDLGSGTRNIGIESETPNLDIIGKRIEKIKEEHETSWHYDQDHPYKTWAYHGSYETKQTGSASSMVNGVVRLLTKPWDVLPTVTQMAMTDTTPFGQQRVFKEKVDTRTQEPKEGTKKLMKITAEWLWKELGKKKTPRMCTREEFTRKVRSNAALGAIFTDENKWKSAREAVEDSRFWELVDKERNLHLEGKCETCVYNMMGKREKKLGEFGKAKGSRAIWYMWLGARFLEFEALGFLNEDHWFSRENSLSGVEGEGLHKLGYILRDVSKKEGGAMYADDTAGWDTRITLEDLKNEEMVTNHMEGEHKKLAEAIFKLTYQNKVVRVQRPTPRGTVMDIISRRDQRGSGQVGTYGLNTFTNMEAQLIRQMEGEGVFKNIQHLTVTEEAAVQNWLARVGRERLSRMAISGDDCVVKPLDDRFANALTALNDMGKIRKDIQQWEPSKGWNDWTQVPFCSHHFHELIMKDGRVLVVPCRNQDELIGRARISQGAGWSLRETACLGKSYAQMWSLMYFHRRDLRLAANAICSAVPSHWVPTSRTTWSIHAKHEWMTTEDMLTVWNRVWIRENPWMEDKTPVESWEEIPYLGKREDQWCGSLIGLTSRATWAKNIQAAINQVRSLIGNEEYTDYMPSMKRFRREEEEAGVLW,,,,,,,,
tr|D4QFF9|D4QFF9_9FLAV Polyprotein (Fragment) OS=dengue virus type 2 OX=11060 PE=4 SV=1,AERVIDPRRCMKPXILTDGEERVILAGPMPVTHSSAAQRRGRIGRNPKNENDQYIYMGEPLENDEDCAHWKEAKMLLDNINTPEGIIPSMFEPEREKVDAIDGEYRLRGEARKTFVDLMRRGDLPVWLAYKVAAEGINYADRRWCFDGIKNNQILEENVEVEIWTKEGERKKLKPRWLDARIYSDPLALKEFKEFAAGRKSLTLNLITEMGRLPTFMTQKTRDALDNLAVLHTAEAGGRAYNHALSELPETLETLLLLTLLATVTGGIFLFLMSGRGIGKMTLGMCCIITASILLWYAQIQPHWIAASIILEFFLIVLLIPEPEKQRTPQDNQLTYVVIAILTVVAATMANEMGFLEKTKKDLGLGSIATQQPESNILDIDLRPASAWTLYAVATTFVTPMLRHSIENSSVNVSLTAIANQATVLMGLGKGWPLSKMDIGVPLLAIGCYSQVNPITLTAALLLLVAHYAIIGPGLQAKATREAQKRAAAGIMKNPTVDGITVIDLDPIPYDPKFEKQLGQVMLLILCVTQVLMMRTTWALCEALTLATGPISTLWEGNPGRFWNTTIAVSMANIFRGSYLAGAGLLFSIMKNTTNTRRGTGNIGETLGEKWKSRLNALGKSEFQIYKKSGIQEVDRTLAKEGIKRGETDHHAVSRGSAKLRWFVERNMVTPEGKVVDLGCGRGGWSYYCGGLKNVREVKGLTKGGPGHEEPIPMSTYGWNLVRLQSGVDVFFIPPEKCDTLLCDIGESSPNPTVEAGRTLRVLNLVENWLNNNTQFCIKVLNPYMPSVIEKMEALQRKYGGALVRNPLSRNSTHEMYWVSNASGNIVSSVNMISRMLINRFTMRHKKATYEPDVDLGSGTRNIGIESEIPNLDIIGKRIEKIKQEHETSWHYDQDHPYKTWAYHGSYETKQTGSASSMVNGVVRLLTKPWDVLPTVTQMAMTDTTPFGQQRVFKEKVDTRTQEPKEGTKKLMKITAEWLWKELGKKKTPRMCTREEFTRKVRSNAALGAIFTDENKWKSAREAVEDSRFWELVDKERNLHLEGKCETCVYNMMGKREKKLGEFGKAKGSRAIWYMWLGARFLEFEALGFLNEDHWFSRENSLSGVEGEGLHKLGYILRDVSKKEGGAMYADDTAGWDTRITLEDLKNEEMVTNHMEGEHKKLAEAIFKLTYQNKVVRVQRPTPRGTVMDIISRRDQRGSGQVGTYGLNTFTNMEAQLIRQMEGEGVFKNIQHLTVTEEVAVQNWLARVGRERLSRMAISGDDCVVKPLDDRFANALTALNDMGKIRKDIQQWEPSKGWNDWTQVPFCSHHFHELIMKDGRVLVVPCRNQDELIGRARISQGAGWSLRETACLGKSYAQMWSLMYFHRRDLRLAANAICSAVPSHWVPTSRTTWSIHAKHEWMTTEDMLTVWNRVWIRENPWMEDKTPVESWEEIPYLGKREDQWCGSLIGLTSRATWAKNIQAAINQVRSLIGNEEYTDYMPSMKRFXREEEEAGVLW,,,,,,,,
tr|D4QFG0|D4QFG0_9FLAV Polyprotein (Fragment) OS=dengue virus type 2 OX=11060 PE=4 SV=1,AERVIDPRRCMKPXILTDGEERVILAGPMPVTHSSAAQRRGRIGRNPKNENDQYIYMGEPLENDEDCAHWKEAKMLLDNINTPEGIIPSMFEPEREKVDAIDGEYRLRGEARKTFVDLMRRGDLPVWLAYKVAAEGINYADRRWCFDGIKNNQILEENVEVEIWTKEGERKKLKPRWLDARIYSDPLALKEFKEFAAGRKSLTLNLITEMGRLPTFMTQKTRDALDNLAVLHTAEAGGRAYNHALSELPETLETLLLLTLLATVTGGIFLFLMSGRGIGKMTLGMCCIITASILLWYAQIQPHWIAASIILEFFLIVLLIPEPEKQRTPQDNQLTYVVIAILTVVAATMANEMGFLEKTKKDLGLGSIATQQPESNILDIDLRPASAWTLYAVATTFVTPMLRHSIENSSVNVSLTAIANQATVLMGLGKGWPLSKMDIGVPLLAIGCYSQVNPITLTAALLLLVAHYAIIGPGLQAKATREAQKRAAAGIMKNPTVDGITVIDLDPIPYDPKFEKQLGQVMLLILCVTQVLMMRTTWALCEALTLATGPISTLWEGNPGRFWNTTIAVSMANIFRGSYLAGAGLLFSIMKNTTNTRRGTGNIGETLGEKWKSRLNALGKSEFQIYKKSGIQEVDRTLAKEGIKRGETDHHAVSRGSAKLRWFVERNMVTPEGKVVDLGCGRGGWSYYCGGLKNVREVKGLTKGGPGHEEPIPMSTYGWNLVRLQSGVDVFFIPPEKCDTLLCDIGESSPNPTVEAGRTLRVLNLVENWLNNNTQFCIKVLNPYMPSVIEKMEALQRKYGGALVRNPLSRNSTHEMYWVSNASGNIVSSVNMISRMLINRFTMRHKKATYEPDVDLGSGTRNIGIESEIPNLDIIGKRIEKIKQEHETSWHYDQDHPYKTWAYHGSYETKQTGSASSMVNGVVRLLTKPWDVLPTVTQMAMTDTTPFGQQRVFKEKVDTRTQEPKEGTKKLMKITAEWLWKELGKKKTPRMCTREEFTRKVRSNAALGAIFTDENKWKSAREAVEDSRFWELVDKERNLHLEGKCETCVYNMMGKREKKLGEFGKAKGSRAIWYMWLGARFLEFEALGFLNEDHWFSRENSLSGVEGEGLHKLGYILRDVSKKEGGAMYADDTAGWDTRITLEDLKNEEMVTNHMEGEHKKLAEAIFKLTYQNKVVRVQRPTPRGTVMDIISRRDQRGSGQVGTYGLNTFTNMEAQLIRQMEGEGVFKNIQHLTVTEEVAVQNWLARVGRERLSRMAISGDDCVVKPLDDRFANALTALNDMGKIRKDIQQWEPSKGWNDWTQVPFCSHHFHELIMKDGRVLVVPCRNQDELIGRARISQGAGWSLRETACLGKSYAQMWSLMYFHRRDLRLAANAICSAVPSHWVPTSRTTWSIHAKHEWMTTEDMLTVWNRVWIRENPWMEDKTPVESWEEIPYLGKREDQWCGSLIGLTSRATWAKNIQAAINQVRSLIGNEEYTDYMPSMKRFXREEEEAGVLW,,,,,,,,
tr|W0LLB2|W0LLB2_9FLAV Polyprotein (Fragment) OS=dengue virus type 2 OX=11060 PE=4 SV=1,EEREIPERSWNSGHEWVTDFKGKTVWFVPSIKAGNDIAACLRKNGKKVIQLSRKTFDSEYVKTRTNDWDFVVTTDISEMGANFKAERVIDPRRCMKPVILTDGEERVILAGPMPVTHSSAAQRRGRIGRNPKNENDQYIYMGEPLENDEDCAHWKEAKMLLDNINTPEGIIPSMFEPEREKVDAIDGEYRLRGEARKTFVDLMRRGDLPVWLAYKVAAEGINYADRRWCFDGIKNNQILEENVEVEIWTKEGERKKLKPRWLDARIYSDPLALKEFKEFAAGRKSLTLNLITEMGRLPTFMTQKTRDALDNLAVLHTAEAGGRAYNHALSELPETLETLLLLTLLATVTGGIFLFLMSGRGIGKMTLGMCCIITASILLWYAQIQPHWIAASIILEFFLIVLLIPEPEKQRTPQDNQLTYVVIAILTVVAATMANEMGFLEKTKKDLGLGSIATQQPESNILDIDLRPASAWTLYAVATTFVTPMLRHSIENSSVNVSLTAIANQATVLMGLGKGWPLSKMDIGVPLLAIGCYSQVNPITLTAALLLLVAHYAIIGPGLQAKATREAQKRAAAGIMKNPTVDGITVIDLDPIPYDPKFEKQLGQVMLLILCVTQVLMMRTTWALCEALTLATGPISTLWEGNPGRFWNTTIAVSMANIFRGSYXXXXXXXXXXXXXXXXXXXXXXXXXXXLGEKWKSRLNALGKSEFQIYKKSGIQEVDRTLAKEGIKRGETDHHAVSRGSAKLRWFVERNMVTPEGKVVDLGCGRGGWSYYCGGLKNVREVKGLTKGGPGHEEPIPMSTYGWNLVRLQSGVDVFFIPPEKCDTLLCDIGESSPNPTVEAGRTLRVLNLVENWLNNNTQFCIKVLNPYMPSVIEKMEALQRKYGGALVRNPLSRNSTHEMYWVSNASGNIVSSVNMISRMLINRFTMRHKKATYEPDVDLGSGTRNIGIESETPNLDIIGKRIEKIKEEHETSWHYDQDHPYKTWAYHGSYETKQTGSASSMVNGVVRLLTKPWDVLPTVTQMAMTDTTPFGQQRVFKEKVDTRTQEPKEGTKKLMKITAEWLWKELGKKKTPRMCTREEFTRKVRSNAALGAIFTDENKWKSAREAVEDSRFWELVDKERNLHLEGKCETCVYNMMGKREKKLGEFGKAKGSRAIWYMWLGARFLEFEALGFLNEDHWFSRENSLSGVEGEGLHKLGYILRDVSKKEGGAMYADDTAGWDTRITLEDLKNEEMVTNHMEGEHKKLAEAIFKLTYQNKVVRVQRPTPRGTVMDIISRRDQRGSGQVGTYGLNTFTNMEAQLIRQMEGEGVFKNIQHLTVTEEAAVQNWLARVGRERLSRMAISGDDCVVKPLDDRFANALTALNDMGKIRKDIQQWEPSKGWNDWTQVPFCSHHFHELIMKDGRVLVVPCRNQDELIGRARISQGAGWSLRETACLGKSYAQMWSLMYFHRRDLRLAANAICSAVPSHWVPTSRTTWSIHAKHEWMTTEDMLTVWNRVWIRENPWMEDKTPVESWEEIPYLGKREDQWCGSLIGLTSRATWAKNIQAAINQVRSLIGNEEYTDYMPSMKRFRREEEEAGVLW,,,,,,,,
tr|D4QFF9|D4QFF9_9FLAV Polyprotein (Fragment) OS=dengue virus type 2 OX=11060 PE=4 SV=1,AERVIDPRRCMKPXILTDGEERVILAGPMPVTHSSAAQRRGRIGRNPKNENDQYIYMGEPLENDEDCAHWKEAKMLLDNINTPEGIIPSMFEPEREKVDAIDGEYRLRGEARKTFVDLMRRGDLPVWLAYKVAAEGINYADRRWCFDGIKNNQILEENVEVEIWTKEGERKKLKPRWLDARIYSDPLALKEFKEFAAGRKSLTLNLITEMGRLPTFMTQKTRDALDNLAVLHTAEAGGRAYNHALSELPETLETLLLLTLLATVTGGIFLFLMSGRGIGKMTLGMCCIITASILLWYAQIQPHWIAASIILEFFLIVLLIPEPEKQRTPQDNQLTYVVIAILTVVAATMANEMGFLEKTKKDLGLGSIATQQPESNILDIDLRPASAWTLYAVATTFVTPMLRHSIENSSVNVSLTAIANQATVLMGLGKGWPLSKMDIGVPLLAIGCYSQVNPITLTAALLLLVAHYAIIGPGLQAKATREAQKRAAAGIMKNPTVDGITVIDLDPIPYDPKFEKQLGQVMLLILCVTQVLMMRTTWALCEALTLATGPISTLWEGNPGRFWNTTIAVSMANIFRGSYLAGAGLLFSIMKNTTNTRRGTGNIGETLGEKWKSRLNALGKSEFQIYKKSGIQEVDRTLAKEGIKRGETDHHAVSRGSAKLRWFVERNMVTPEGKVVDLGCGRGGWSYYCGGLKNVREVKGLTKGGPGHEEPIPMSTYGWNLVRLQSGVDVFFIPPEKCDTLLCDIGESSPNPTVEAGRTLRVLNLVENWLNNNTQFCIKVLNPYMPSVIEKMEALQRKYGGALVRNPLSRNSTHEMYWVSNASGNIVSSVNMISRMLINRFTMRHKKATYEPDVDLGSGTRNIGIESEIPNLDIIGKRIEKIKQEHETSWHYDQDHPYKTWAYHGSYETKQTGSASSMVNGVVRLLTKPWDVLPTVTQMAMTDTTPFGQQRVFKEKVDTRTQEPKEGTKKLMKITAEWLWKELGKKKTPRMCTREEFTRKVRSNAALGAIFTDENKWKSAREAVEDSRFWELVDKERNLHLEGKCETCVYNMMGKREKKLGEFGKAKGSRAIWYMWLGARFLEFEALGFLNEDHWFSRENSLSGVEGEGLHKLGYILRDVSKKEGGAMYADDTAGWDTRITLEDLKNEEMVTNHMEGEHKKLAEAIFKLTYQNKVVRVQRPTPRGTVMDIISRRDQRGSGQVGTYGLNTFTNMEAQLIRQMEGEGVFKNIQHLTVTEEVAVQNWLARVGRERLSRMAISGDDCVVKPLDDRFANALTALNDMGKIRKDIQQWEPSKGWNDWTQVPFCSHHFHELIMKDGRVLVVPCRNQDELIGRARISQGAGWSLRETACLGKSYAQMWSLMYFHRRDLRLAANAICSAVPSHWVPTSRTTWSIHAKHEWMTTEDMLTVWNRVWIRENPWMEDKTPVESWEEIPYLGKREDQWCGSLIGLTSRATWAKNIQAAINQVRSLIGNEEYTDYMPSMKRFXREEEEAGVLW,,,,,,,,
tr|D4QFG0|D4QFG0_9FLAV Polyprotein (Fragment) OS=dengue virus type 2 OX=11060 PE=4 SV=1,AERVIDPRRCMKPXILTDGEERVILAGPMPVTHSSAAQRRGRIGRNPKNENDQYIYMGEPLENDEDCAHWKEAKMLLDNINTPEGIIPSMFEPEREKVDAIDGEYRLRGEARKTFVDLMRRGDLPVWLAYKVAAEGINYADRRWCFDGIKNNQILEENVEVEIWTKEGERKKLKPRWLDARIYSDPLALKEFKEFAAGRKSLTLNLITEMGRLPTFMTQKTRDALDNLAVLHTAEAGGRAYNHALSELPETLETLLLLTLLATVTGGIFLFLMSGRGIGKMTLGMCCIITASILLWYAQIQPHWIAASIILEFFLIVLLIPEPEKQRTPQDNQLTYVVIAILTVVAATMANEMGFLEKTKKDLGLGSIATQQPESNILDIDLRPASAWTLYAVATTFVTPMLRHSIENSSVNVSLTAIANQATVLMGLGKGWPLSKMDIGVPLLAIGCYSQVNPITLTAALLLLVAHYAIIGPGLQAKATREAQKRAAAGIMKNPTVDGITVIDLDPIPYDPKFEKQLGQVMLLILCVTQVLMMRTTWALCEALTLATGPISTLWEGNPGRFWNTTIAVSMANIFRGSYLAGAGLLFSIMKNTTNTRRGTGNIGETLGEKWKSRLNALGKSEFQIYKKSGIQEVDRTLAKEGIKRGETDHHAVSRGSAKLRWFVERNMVTPEGKVVDLGCGRGGWSYYCGGLKNVREVKGLTKGGPGHEEPIPMSTYGWNLVRLQSGVDVFFIPPEKCDTLLCDIGESSPNPTVEAGRTLRVLNLVENWLNNNTQFCIKVLNPYMPSVIEKMEALQRKYGGALVRNPLSRNSTHEMYWVSNASGNIVSSVNMISRMLINRFTMRHKKATYEPDVDLGSGTRNIGIESEIPNLDIIGKRIEKIKQEHETSWHYDQDHPYKTWAYHGSYETKQTGSASSMVNGVVRLLTKPWDVLPTVTQMAMTDTTPFGQQRVFKEKVDTRTQEPKEGTKKLMKITAEWLWKELGKKKTPRMCTREEFTRKVRSNAALGAIFTDENKWKSAREAVEDSRFWELVDKERNLHLEGKCETCVYNMMGKREKKLGEFGKAKGSRAIWYMWLGARFLEFEALGFLNEDHWFSRENSLSGVEGEGLHKLGYILRDVSKKEGGAMYADDTAGWDTRITLEDLKNEEMVTNHMEGEHKKLAEAIFKLTYQNKVVRVQRPTPRGTVMDIISRRDQRGSGQVGTYGLNTFTNMEAQLIRQMEGEGVFKNIQHLTVTEEVAVQNWLARVGRERLSRMAISGDDCVVKPLDDRFANALTALNDMGKIRKDIQQWEPSKGWNDWTQVPFCSHHFHELIMKDGRVLVVPCRNQDELIGRARISQGAGWSLRETACLGKSYAQMWSLMYFHRRDLRLAANAICSAVPSHWVPTSRTTWSIHAKHEWMTTEDMLTVWNRVWIRENPWMEDKTPVESWEEIPYLGKREDQWCGSLIGLTSRATWAKNIQAAINQVRSLIGNEEYTDYMPSMKRFXREEEEAGVLW,,,,,,,,
tr|W0LLB2|W0LLB2_9FLAV Polyprotein (Fragment) OS=dengue virus type 2 OX=11060 PE=4 SV=1,EEREIPERSWNSGHEWVTDFKGKTVWFVPSIKAGNDIAACLRKNGKKVIQLSRKTFDSEYVKTRTNDWDFVVTTDISEMGANFKAERVIDPRRCMKPVILTDGEERVILAGPMPVTHSSAAQRRGRIGRNPKNENDQYIYMGEPLENDEDCAHWKEAKMLLDNINTPEGIIPSMFEPEREKVDAIDGEYRLRGEARKTFVDLMRRGDLPVWLAYKVAAEGINYADRRWCFDGIKNNQILEENVEVEIWTKEGERKKLKPRWLDARIYSDPLALKEFKEFAAGRKSLTLNLITEMGRLPTFMTQKTRDALDNLAVLHTAEAGGRAYNHALSELPETLETLLLLTLLATVTGGIFLFLMSGRGIGKMTLGMCCIITASILLWYAQIQPHWIAASIILEFFLIVLLIPEPEKQRTPQDNQLTYVVIAILTVVAATMANEMGFLEKTKKDLGLGSIATQQPESNILDIDLRPASAWTLYAVATTFVTPMLRHSIENSSVNVSLTAIANQATVLMGLGKGWPLSKMDIGVPLLAIGCYSQVNPITLTAALLLLVAHYAIIGPGLQAKATREAQKRAAAGIMKNPTVDGITVIDLDPIPYDPKFEKQLGQVMLLILCVTQVLMMRTTWALCEALTLATGPISTLWEGNPGRFWNTTIAVSMANIFRGSYXXXXXXXXXXXXXXXXXXXXXXXXXXXLGEKWKSRLNALGKSEFQIYKKSGIQEVDRTLAKEGIKRGETDHHAVSRGSAKLRWFVERNMVTPEGKVVDLGCGRGGWSYYCGGLKNVREVKGLTKGGPGHEEPIPMSTYGWNLVRLQSGVDVFFIPPEKCDTLLCDIGESSPNPTVEAGRTLRVLNLVENWLNNNTQFCIKVLNPYMPSVIEKMEALQRKYGGALVRNPLSRNSTHEMYWVSNASGNIVSSVNMISRMLINRFTMRHKKATYEPDVDLGSGTRNIGIESETPNLDIIGKRIEKIKEEHETSWHYDQDHPYKTWAYHGSYETKQTGSASSMVNGVVRLLTKPWDVLPTVTQMAMTDTTPFGQQRVFKEKVDTRTQEPKEGTKKLMKITAEWLWKELGKKKTPRMCTREEFTRKVRSNAALGAIFTDENKWKSAREAVEDSRFWELVDKERNLHLEGKCETCVYNMMGKREKKLGEFGKAKGSRAIWYMWLGARFLEFEALGFLNEDHWFSRENSLSGVEGEGLHKLGYILRDVSKKEGGAMYADDTAGWDTRITLEDLKNEEMVTNHMEGEHKKLAEAIFKLTYQNKVVRVQRPTPRGTVMDIISRRDQRGSGQVGTYGLNTFTNMEAQLIRQMEGEGVFKNIQHLTVTEEAAVQNWLARVGRERLSRMAISGDDCVVKPLDDRFANALTALNDMGKIRKDIQQWEPSKGWNDWTQVPFCSHHFHELIMKDGRVLVVPCRNQDELIGRARISQGAGWSLRETACLGKSYAQMWSLMYFHRRDLRLAANAICSAVPSHWVPTSRTTWSIHAKHEWMTTEDMLTVWNRVWIRENPWMEDKTPVESWEEIPYLGKREDQWCGSLIGLTSRATWAKNIQAAINQVRSLIGNEEYTDYMPSMKRFRREEEEAGVLW,,,,,,,,
tr|A0T4E5|A0T4E5_9FLAV Nonstructural protein (Fragment) OS=dengue virus type 2 OX=11060 PE=4 SV=1,DNLAVLHTAEAGGRAYNHALSELPETLETLLLLTLLATVTGGIFLFLMSGRGIGKMTLGMCCIITASILLWYAQIQPHWIAASIILEFFLIVLLIPEPEKQRTPQDNQLTYVVIAILTVVAATMANEMGFLEKTKKDLGLGSITTQQPESNILDIDLRPASAWTLYAVATTFVTPMLRHSIENSSVNVSLTAIANQATVLMGLGKGWPLSKMDIGVPLLAIGCYSQVNPITLTAALFLLVAHYAIIGPGLQAKATREAQKRAAAGIMKNPTVGRITVIDLDPIPYDPKFEKQLGQVMLLVLCVTQVLMMRTTWALCEALTLATGPISTLWEGNPGRFWNTTIAVSMANIFRGSYLAGAGLLFSIMKNTTNTRRGTGNIGETLGEKWKSRLNALGKSEFQIYKKSGIQEVDRTLAKEGIKRGETDHHAVSRGSAKLRWFVERNMVTPEGKVVDLGCGRGGWSYYCGGLKNVREVKGLTKGGPGHEEPIPMSTYGWNLVRLQSGVDVFFTPPEKCDTLLCDIGESSPNPTVEAGRTLRVLNLVENWLNNNTQFCIKVLNPYMPSVIEKMEALQRKYGGALVRNPLSRNSTHEMYWVSNASGNIVSSVNMISRMLINRFTMRHKKATYEPDVDLGSGTRNIGIESE,,,,,,,,
tr|D4QFF9|D4QFF9_9FLAV Polyprotein (Fragment) OS=dengue virus type 2 OX=11060 PE=4 SV=1,AERVIDPRRCMKPXILTDGEERVILAGPMPVTHSSAAQRRGRIGRNPKNENDQYIYMGEPLENDEDCAHWKEAKMLLDNINTPEGIIPSMFEPEREKVDAIDGEYRLRGEARKTFVDLMRRGDLPVWLAYKVAAEGINYADRRWCFDGIKNNQILEENVEVEIWTKEGERKKLKPRWLDARIYSDPLALKEFKEFAAGRKSLTLNLITEMGRLPTFMTQKTRDALDNLAVLHTAEAGGRAYNHALSELPETLETLLLLTLLATVTGGIFLFLMSGRGIGKMTLGMCCIITASILLWYAQIQPHWIAASIILEFFLIVLLIPEPEKQRTPQDNQLTYVVIAILTVVAATMANEMGFLEKTKKDLGLGSIATQQPESNILDIDLRPASAWTLYAVATTFVTPMLRHSIENSSVNVSLTAIANQATVLMGLGKGWPLSKMDIGVPLLAIGCYSQVNPITLTAALLLLVAHYAIIGPGLQAKATREAQKRAAAGIMKNPTVDGITVIDLDPIPYDPKFEKQLGQVMLLILCVTQVLMMRTTWALCEALTLATGPISTLWEGNPGRFWNTTIAVSMANIFRGSYLAGAGLLFSIMKNTTNTRRGTGNIGETLGEKWKSRLNALGKSEFQIYKKSGIQEVDRTLAKEGIKRGETDHHAVSRGSAKLRWFVERNMVTPEGKVVDLGCGRGGWSYYCGGLKNVREVKGLTKGGPGHEEPIPMSTYGWNLVRLQSGVDVFFIPPEKCDTLLCDIGESSPNPTVEAGRTLRVLNLVENWLNNNTQFCIKVLNPYMPSVIEKMEALQRKYGGALVRNPLSRNSTHEMYWVSNASGNIVSSVNMISRMLINRFTMRHKKATYEPDVDLGSGTRNIGIESEIPNLDIIGKRIEKIKQEHETSWHYDQDHPYKTWAYHGSYETKQTGSASSMVNGVVRLLTKPWDVLPTVTQMAMTDTTPFGQQRVFKEKVDTRTQEPKEGTKKLMKITAEWLWKELGKKKTPRMCTREEFTRKVRSNAALGAIFTDENKWKSAREAVEDSRFWELVDKERNLHLEGKCETCVYNMMGKREKKLGEFGKAKGSRAIWYMWLGARFLEFEALGFLNEDHWFSRENSLSGVEGEGLHKLGYILRDVSKKEGGAMYADDTAGWDTRITLEDLKNEEMVTNHMEGEHKKLAEAIFKLTYQNKVVRVQRPTPRGTVMDIISRRDQRGSGQVGTYGLNTFTNMEAQLIRQMEGEGVFKNIQHLTVTEEVAVQNWLARVGRERLSRMAISGDDCVVKPLDDRFANALTALNDMGKIRKDIQQWEPSKGWNDWTQVPFCSHHFHELIMKDGRVLVVPCRNQDELIGRARISQGAGWSLRETACLGKSYAQMWSLMYFHRRDLRLAANAICSAVPSHWVPTSRTTWSIHAKHEWMTTEDMLTVWNRVWIRENPWMEDKTPVESWEEIPYLGKREDQWCGSLIGLTSRATWAKNIQAAINQVRSLIGNEEYTDYMPSMKRFXREEEEAGVLW,,,,,,,,
tr|D4QFG0|D4QFG0_9FLAV Polyprotein (Fragment) OS=dengue virus type 2 OX=11060 PE=4 SV=1,AERVIDPRRCMKPXILTDGEERVILAGPMPVTHSSAAQRRGRIGRNPKNENDQYIYMGEPLENDEDCAHWKEAKMLLDNINTPEGIIPSMFEPEREKVDAIDGEYRLRGEARKTFVDLMRRGDLPVWLAYKVAAEGINYADRRWCFDGIKNNQILEENVEVEIWTKEGERKKLKPRWLDARIYSDPLALKEFKEFAAGRKSLTLNLITEMGRLPTFMTQKTRDALDNLAVLHTAEAGGRAYNHALSELPETLETLLLLTLLATVTGGIFLFLMSGRGIGKMTLGMCCIITASILLWYAQIQPHWIAASIILEFFLIVLLIPEPEKQRTPQDNQLTYVVIAILTVVAATMANEMGFLEKTKKDLGLGSIATQQPESNILDIDLRPASAWTLYAVATTFVTPMLRHSIENSSVNVSLTAIANQATVLMGLGKGWPLSKMDIGVPLLAIGCYSQVNPITLTAALLLLVAHYAIIGPGLQAKATREAQKRAAAGIMKNPTVDGITVIDLDPIPYDPKFEKQLGQVMLLILCVTQVLMMRTTWALCEALTLATGPISTLWEGNPGRFWNTTIAVSMANIFRGSYLAGAGLLFSIMKNTTNTRRGTGNIGETLGEKWKSRLNALGKSEFQIYKKSGIQEVDRTLAKEGIKRGETDHHAVSRGSAKLRWFVERNMVTPEGKVVDLGCGRGGWSYYCGGLKNVREVKGLTKGGPGHEEPIPMSTYGWNLVRLQSGVDVFFIPPEKCDTLLCDIGESSPNPTVEAGRTLRVLNLVENWLNNNTQFCIKVLNPYMPSVIEKMEALQRKYGGALVRNPLSRNSTHEMYWVSNASGNIVSSVNMISRMLINRFTMRHKKATYEPDVDLGSGTRNIGIESEIPNLDIIGKRIEKIKQEHETSWHYDQDHPYKTWAYHGSYETKQTGSASSMVNGVVRLLTKPWDVLPTVTQMAMTDTTPFGQQRVFKEKVDTRTQEPKEGTKKLMKITAEWLWKELGKKKTPRMCTREEFTRKVRSNAALGAIFTDENKWKSAREAVEDSRFWELVDKERNLHLEGKCETCVYNMMGKREKKLGEFGKAKGSRAIWYMWLGARFLEFEALGFLNEDHWFSRENSLSGVEGEGLHKLGYILRDVSKKEGGAMYADDTAGWDTRITLEDLKNEEMVTNHMEGEHKKLAEAIFKLTYQNKVVRVQRPTPRGTVMDIISRRDQRGSGQVGTYGLNTFTNMEAQLIRQMEGEGVFKNIQHLTVTEEVAVQNWLARVGRERLSRMAISGDDCVVKPLDDRFANALTALNDMGKIRKDIQQWEPSKGWNDWTQVPFCSHHFHELIMKDGRVLVVPCRNQDELIGRARISQGAGWSLRETACLGKSYAQMWSLMYFHRRDLRLAANAICSAVPSHWVPTSRTTWSIHAKHEWMTTEDMLTVWNRVWIRENPWMEDKTPVESWEEIPYLGKREDQWCGSLIGLTSRATWAKNIQAAINQVRSLIGNEEYTDYMPSMKRFXREEEEAGVLW,,,,,,,,
tr|D4QFF9|D4QFF9_9FLAV Polyprotein (Fragment) OS=dengue virus type 2 OX=11060 PE=4 SV=1,AERVIDPRRCMKPXILTDGEERVILAGPMPVTHSSAAQRRGRIGRNPKNENDQYIYMGEPLENDEDCAHWKEAKMLLDNINTPEGIIPSMFEPEREKVDAIDGEYRLRGEARKTFVDLMRRGDLPVWLAYKVAAEGINYADRRWCFDGIKNNQILEENVEVEIWTKEGERKKLKPRWLDARIYSDPLALKEFKEFAAGRKSLTLNLITEMGRLPTFMTQKTRDALDNLAVLHTAEAGGRAYNHALSELPETLETLLLLTLLATVTGGIFLFLMSGRGIGKMTLGMCCIITASILLWYAQIQPHWIAASIILEFFLIVLLIPEPEKQRTPQDNQLTYVVIAILTVVAATMANEMGFLEKTKKDLGLGSIATQQPESNILDIDLRPASAWTLYAVATTFVTPMLRHSIENSSVNVSLTAIANQATVLMGLGKGWPLSKMDIGVPLLAIGCYSQVNPITLTAALLLLVAHYAIIGPGLQAKATREAQKRAAAGIMKNPTVDGITVIDLDPIPYDPKFEKQLGQVMLLILCVTQVLMMRTTWALCEALTLATGPISTLWEGNPGRFWNTTIAVSMANIFRGSYLAGAGLLFSIMKNTTNTRRGTGNIGETLGEKWKSRLNALGKSEFQIYKKSGIQEVDRTLAKEGIKRGETDHHAVSRGSAKLRWFVERNMVTPEGKVVDLGCGRGGWSYYCGGLKNVREVKGLTKGGPGHEEPIPMSTYGWNLVRLQSGVDVFFIPPEKCDTLLCDIGESSPNPTVEAGRTLRVLNLVENWLNNNTQFCIKVLNPYMPSVIEKMEALQRKYGGALVRNPLSRNSTHEMYWVSNASGNIVSSVNMISRMLINRFTMRHKKATYEPDVDLGSGTRNIGIESEIPNLDIIGKRIEKIKQEHETSWHYDQDHPYKTWAYHGSYETKQTGSASSMVNGVVRLLTKPWDVLPTVTQMAMTDTTPFGQQRVFKEKVDTRTQEPKEGTKKLMKITAEWLWKELGKKKTPRMCTREEFTRKVRSNAALGAIFTDENKWKSAREAVEDSRFWELVDKERNLHLEGKCETCVYNMMGKREKKLGEFGKAKGSRAIWYMWLGARFLEFEALGFLNEDHWFSRENSLSGVEGEGLHKLGYILRDVSKKEGGAMYADDTAGWDTRITLEDLKNEEMVTNHMEGEHKKLAEAIFKLTYQNKVVRVQRPTPRGTVMDIISRRDQRGSGQVGTYGLNTFTNMEAQLIRQMEGEGVFKNIQHLTVTEEVAVQNWLARVGRERLSRMAISGDDCVVKPLDDRFANALTALNDMGKIRKDIQQWEPSKGWNDWTQVPFCSHHFHELIMKDGRVLVVPCRNQDELIGRARISQGAGWSLRETACLGKSYAQMWSLMYFHRRDLRLAANAICSAVPSHWVPTSRTTWSIHAKHEWMTTEDMLTVWNRVWIRENPWMEDKTPVESWEEIPYLGKREDQWCGSLIGLTSRATWAKNIQAAINQVRSLIGNEEYTDYMPSMKRFXREEEEAGVLW,,,,,,,,
tr|D4QFG0|D4QFG0_9FLAV Polyprotein (Fragment) OS=dengue virus type 2 OX=11060 PE=4 SV=1,AERVIDPRRCMKPXILTDGEERVILAGPMPVTHSSAAQRRGRIGRNPKNENDQYIYMGEPLENDEDCAHWKEAKMLLDNINTPEGIIPSMFEPEREKVDAIDGEYRLRGEARKTFVDLMRRGDLPVWLAYKVAAEGINYADRRWCFDGIKNNQILEENVEVEIWTKEGERKKLKPRWLDARIYSDPLALKEFKEFAAGRKSLTLNLITEMGRLPTFMTQKTRDALDNLAVLHTAEAGGRAYNHALSELPETLETLLLLTLLATVTGGIFLFLMSGRGIGKMTLGMCCIITASILLWYAQIQPHWIAASIILEFFLIVLLIPEPEKQRTPQDNQLTYVVIAILTVVAATMANEMGFLEKTKKDLGLGSIATQQPESNILDIDLRPASAWTLYAVATTFVTPMLRHSIENSSVNVSLTAIANQATVLMGLGKGWPLSKMDIGVPLLAIGCYSQVNPITLTAALLLLVAHYAIIGPGLQAKATREAQKRAAAGIMKNPTVDGITVIDLDPIPYDPKFEKQLGQVMLLILCVTQVLMMRTTWALCEALTLATGPISTLWEGNPGRFWNTTIAVSMANIFRGSYLAGAGLLFSIMKNTTNTRRGTGNIGETLGEKWKSRLNALGKSEFQIYKKSGIQEVDRTLAKEGIKRGETDHHAVSRGSAKLRWFVERNMVTPEGKVVDLGCGRGGWSYYCGGLKNVREVKGLTKGGPGHEEPIPMSTYGWNLVRLQSGVDVFFIPPEKCDTLLCDIGESSPNPTVEAGRTLRVLNLVENWLNNNTQFCIKVLNPYMPSVIEKMEALQRKYGGALVRNPLSRNSTHEMYWVSNASGNIVSSVNMISRMLINRFTMRHKKATYEPDVDLGSGTRNIGIESEIPNLDIIGKRIEKIKQEHETSWHYDQDHPYKTWAYHGSYETKQTGSASSMVNGVVRLLTKPWDVLPTVTQMAMTDTTPFGQQRVFKEKVDTRTQEPKEGTKKLMKITAEWLWKELGKKKTPRMCTREEFTRKVRSNAALGAIFTDENKWKSAREAVEDSRFWELVDKERNLHLEGKCETCVYNMMGKREKKLGEFGKAKGSRAIWYMWLGARFLEFEALGFLNEDHWFSRENSLSGVEGEGLHKLGYILRDVSKKEGGAMYADDTAGWDTRITLEDLKNEEMVTNHMEGEHKKLAEAIFKLTYQNKVVRVQRPTPRGTVMDIISRRDQRGSGQVGTYGLNTFTNMEAQLIRQMEGEGVFKNIQHLTVTEEVAVQNWLARVGRERLSRMAISGDDCVVKPLDDRFANALTALNDMGKIRKDIQQWEPSKGWNDWTQVPFCSHHFHELIMKDGRVLVVPCRNQDELIGRARISQGAGWSLRETACLGKSYAQMWSLMYFHRRDLRLAANAICSAVPSHWVPTSRTTWSIHAKHEWMTTEDMLTVWNRVWIRENPWMEDKTPVESWEEIPYLGKREDQWCGSLIGLTSRATWAKNIQAAINQVRSLIGNEEYTDYMPSMKRFXREEEEAGVLW,,,,,,,,
tr|K9LVE8|K9LVE8_9FLAV Genome polyprotein (Fragment) OS=dengue virus type 2 OX=11060 PE=4 SV=1,MNNQRKKARNTPFNMLKRERNRVSTVQQLTKRFSLGMLQGRGPLKLFMALVAFLRFLTIPPTAGILKRWGTIKKSKAINVLRGFRKEIGRMLNILNRRRRTAGVIIMLIPTAMAFHLTTRNGEPHMIVSKQEKGKSLLFKTEDGVNMCTLMAMDLGELCEDTITYNCPLLRQNEPEDIDCWCNATSTWVTYGTCTATGEHRREKRSVALVPHVGMGLETRTETWMSSEGAWKHAQRIETWILRHPGFTIMAAILAYTIGTTYFQRVLIFILLTAVAPSMTMRCIGISNRDFVEGVSGGSWVDIVLEHGSCVTTMAKNKPTLDFELIKTEAKQPATLRKYCIEAKLTNTTTASRCPTQGEPSLNEEQDKRFVCKHSMVDRGWGNGCGLFGKGGIVTCAMFTCKKNMEGKIVQPENLEYTIVVTPHSGEENAVGNDTGKHGKEIKVTPQSSITEAELTGYGTVTMECSPRTGLDFNEMVLLQMENKAWLVHRQWFLDLPLPWLPGADIQGSNWIQKETLVTFKNPHAKKQDVVVLGSQEGAMHTALTGATEIQMSSGNLLFTGHLKCRLRMDKLQLKGMSYSMCTGKFKVVKEIAETQHGTIVVRVQYEGDGSPCKIPFEIMDLEKRHVLGRLITVNPIVTEKNSPVNIEAEPPFGDSYIIIGVEPGQLKLSWFKKGSSIGQMFETTMRGAKRMAILGDTAWDFGSLGGVFTSIGKALHQVFGAIYGAAFSGVSWTMKILIGVVITWIGMNSRSTSLSVSLVLVGVVTLYLGVMVQADSGCVVSWKNKELNCG,,,,,,,,
tr|K9LVF1|K9LVF1_9FLAV Genome polyprotein (Fragment) OS=dengue virus type 2 OX=11060 PE=4 SV=1,MNNQRKKARNTPFNMLKRERNRVSTVQQLTKRFSLGMLQGRGPLKLFMALVAFLRFLTIPPTAGILKRWGTIKKSKAINVLRGFRKEIGRMLNILNRRRRTAGVIIMLIPTAMAFHLTTRNGEPHMIVSKQEKGKSLLFKTEDGVNMCTLMAMDLGELCEDTITYNCPLLRQNEPEDIDCWCNATSTWVTYGTCTATGEHRREKRSVALVPHVGMGLETRTETWMSSEGAWKHAQRIETWILRHPGFTIMAAILAYTIGTTYFQRVLIFILLTAVAPSMTMRCIGISNRDFVEGVSGGSWVDIVLEHGSCVTTMAKNKPTLDFELIKTEAKQPATLRKYCIEAKLTNTTTASRCPTQGEPSLNEEQDKRFVCKHSMVDRGWGNGCGLFGKGGIVTCAMFTCKKNMEGKIVQPENLEYTIVVTPHSGEENAVGNDTGKHGKEIKVTPQSSITEAELTGYGTVTMECSPRTGLDFNEMVLLQMENKAWLVHRQWFLDLPLPWLPGADIQGSNWIQKETLVTFKNPHAKKQDVVVLGSQEGAMHTALTGATEIQMSSGNLLFTGHLKCRLRMDKLQLKGMSYSMCTGKFKVVKEIAETQHGTIVVRVQYEGDGSPCKIPFEIMDLEKRHVLGRLITVNPIVTEKDSPVNIEAEPPFGDSYIIIGVEPGQLKLSWFKKGSSIGQMFETTMRGAKRMAILGDTAWDFGSLGGVFTSIGKALHQVFGAIYGAAFSGVSWTMKILIGVVITWIGMNSRSTSLSVSLVLVGVVTLYLGVMVQADSGCVVSWKNKELKCG,,,,,,,,
tr|K9LVF3|K9LVF3_9FLAV Genome polyprotein (Fragment) OS=dengue virus type 2 OX=11060 PE=4 SV=1,MNNQRKKARNTPFNMLKRERNRVSTVQQLTKRFSLGMLQGRGPLKLFMALVAFLRFLTIPPTAGILKRWGTIKKSKAINVLRGFRKEIGRMLNILNRRRRTAGVIIMLIPTAMAFHLTTRNGEPHMIVSKQEKGKSLLFKTEDGVNMCTLMAMDLGELCEDTITYNCPLLRQNEPEDIDCWCNATSTWVTYGTCTATGEHRREKRSVALVPHVGMGLETRTETWMSSEGAWKHAQRIETWILRHPGFTIMAAILAYTIGTTYFQRVLIFILLTAVAPSMTMRCIGISNRDFVEGVSGGSWVDIVLEHGSCVTTMAKNKPTLDFELIKTEAKQPATLRKYCIEAKLTNTTTASRCPTQGEPSLNEEQDKRFVCKHSMVDRGWGNGCGLFGKGGIVTCAMFTCKKNMEGKIVQPENLEYTIVVTPHSGEENAVGNDTGKHGKEIKVTPQSSITEAELTGYGTVTMECSPRTGLDFNEMVLLQMENKAWLVHRQWFLDLPLPWLPGADIQGSNWIQKETLVTFKNPHAKKQDVVVLGSQEGAMHTALTGATEIQMSSGNLLFTGHLKCRLRMDKLQLKGMSYSMCTGKFKVVKEIAETQHGTIVVRVQYEGDGSPCKIPFEIMDLEKRHVLGRLITVNPIVTEKDSPVNIEAEPPFGDSYIIIGVEPGQLKLSWFKKGSSIGQMFETTMRGAKRMAILGDTAWDFGSLGGVFTSIGKALHQVFGAIYGAAFSGVSWTMKILIGVVITWIGMNSRSTSLSVSLVLVGVVTLYLGVMVQADSGCVVSWKNKELKCG,,,,,,,,
tr|K9LVS2|K9LVS2_9FLAV Genome polyprotein (Fragment) OS=dengue virus type 2 OX=11060 PE=4 SV=1,MNNQRKKARNTPFNMLKRERNRVSTVQQLTKRFSLGMLQGRGPLKLFMALVAFLRFLTIPPTAGILKRWGTIKKSKAINVLRGFRKEIGRMLNILNRRRRTAGVIIMLIPTAMAFHLTTRNGEPHMIVSKQEKGKSLLFKTEDGVNMCTLMAMDLGELCEDTITYNCPLLRQNEPEDIDCWCNATSTWVTYGTCTATGEHRREKRSVALVPHVGMGLETRTETWMSSEGAWKHAQRIETWILRHPGFTIMAAILAYTIGTTYFQRVLIFILLTAVAPSMTMRCIGISNRDFVEGVSGGSWVDIVLEHGSCVTTMAKNKPTLDFELIKTEAKQPATLRKYCIEAKLTNTTTASRCPTQGEPSLNEEQDKRFVCKHSMVDRGWGNGCGLFGKGGIVTCAMFTCKKNMEGKIVQPENLEYTIVVTPHSGEENAVGNDTGKHGKEIKVTPQSSITEAELTGYGTVTMECSPRTGLDFNEMVLLQMENKAWLVHRQWFLDLPLPWLPGADIQGSNWIQKETLVTFKNPHAKKQDVVVLGSQEGAMHTALTGATEIQMSSGNLLFTGHLKCRLRMDKLQLKGMSYSMCTGKFKVIKEIAETQHGTIVVRVQYEGDGSPCKIPFEIMDLEKRHVLGRLITVNPIVTEKDSPVNIEAEPPFGDSYIIIGVEPGQLKLSWFKKGSSIGQMFETTMRGAKRMAILGDTAWDFGSLGGVFTSIGKALHQVFGAIYGAAFSGVSWTMKILIGVVITWIGMNSRSTSLSVSLVLVGVVTLYLGVMVQADSGCVVSWKNKELKCG,,,,,,,,
tr|K9LW15|K9LW15_9FLAV Genome polyprotein (Fragment) OS=dengue virus type 2 OX=11060 PE=4 SV=1,MNNQRKKARNTPFNMLKRERNRVSTVQQLTKRFSLGMLQGRGPLKLFMALVAFLRFLTIPPTAGILKRWGTIKKSKAINVLRGFRKEIGRMLNILNRRRRTAGVIIMLIPTAMAFHLTTRNGEPHMIVSKQEKGKSLLFKTEDGVNMCTLMAMDLGELCEDTITYNCPLLRQNEPEDIDCWCNATSTWVTYGTCTATGEHRREKRSVALVPHVGMGLETRTETWMSSEGAWKHAQRIETWILRHPGFTIMAAILAYTIGTTYFQRVLIFILLTAVAPSMTMRCIGISNRDFVEGVSGGSWVDIVLEHGSCVTTMAKNKPTLDFELIKTEAKQPATLRKYCIEAKLTNTTTASRCPTQGEPSLNEEQDKRFVCKHSMVDRGWGNGCGLFGKGGIVTCAMFTCKKNMEGKIVQPENLEYTIVVTPHSGEENAVGNDTGKHGKEIKVTPQSSITEAELTGYGTVTMECSPRTGLDFNEMVLLQMENKAWLVHRQWFLDLPLPWLPGADIQGSNWIQKETLVTFKNPHAKKQDVVVLGSQEGAMHTALTGATEIQMSSGNLLFTGHLKCRLRMDKLQLKGMSYSMCTGKFKVVKEIAETQHGTIVVRVQYEGDGSPCKIPFEIMDLEKRHVLGRLITVNPIVTEKDSPVNIEAEPPFGDSYIIIGVEPGQLKLSWFKKGSSIGQMFETTMRGAKRMAILGDTAWDFGSLGGVFTSIGKALHQVFGAIYGAAFSGVSWTMKILIGVVITWIGMNSRSTSLSVSLVLVGVVTLYLGVMVQADSGCVVSWKNKELKCG,,,,,,,,
tr|K9LWU5|K9LWU5_9FLAV Genome polyprotein (Fragment) OS=dengue virus type 2 OX=11060 PE=4 SV=1,MNNQRKKARNTPFNMLKRERNRVSTVQQLTKRFSLGMLQGRGPLKLFMALVAFLRFLTIPPTAGILKRWGTIKKSKAINVLRGFRKEIGRMLNILNRRRRTAGVIIMLIPTAMAFHLTTRNGEPHMIVSKQEKGKSLLFKTEDGVNMCTLMAMDLGELCEDTITYNCPLLRQNEPEDIDCWCNATSTWVTYGTCTATGEHRREKRSVALVPHVGMGLETRTETWMSSEGAWKHAQRIETWILRHPGFTIMAAILAYTIGTTYFQRVLIFILLTAVAPSMTMRCIGISNRDFVEGVSGGSWVDIVLEHGSCVTTMAKNKPTLDFELIKTEAKQPATLRKYCIEAKLTNTTTASRCPTQGEPSLNEEQDKRFVCKHSMVDRGWGNGCGLFGKGGIVTCAMFTCKKNMEGKIVQPENLEYTIVVTPHSGEENAVGNDTGKHGKEIKVTPQSSITEAELTGYGTVTMECSPRTGLDFNEMVLLQMENKAWLVHRQWFLDLPLPWLPGADIQGSNWIQKEMLVTFKNPHAKKQDVVVLGSQEGAMHTALTGATEIQMSSGNLLFTGHLKCRLRMDKLQLKGMSYSMCTGKFKVVKEIAETQHGTIVVRVQYEGDGSPCKIPFEIMDLEKRHVLGRLITVNPIVTGKDSPVNIEAEPPFGDSYIIIGVEPGQLKLSWFKKGSSIGQMFETTMRGAKRMAILGDTAWDFGSLGGVFTSIGKALHQVFGAIYGAAFSGVSWTMKILIGVVITWIGMNSRSTSLSVSLVLVGVVTLYLGVMVQADSGCVVSWKNKELKCG,,,,,,,,
tr|K9LWV0|K9LWV0_9FLAV Genome polyprotein (Fragment) OS=dengue virus type 2 OX=11060 PE=4 SV=1,MNNQRKKARNTPFNMLKRERNRVSTVQQLTKRFSLGMLQGRGPLKLFMALVAFLRFLTIPPTAGILKRWGTIKKSKAINVLRGFRKEIGRMLNILNRRRRTAGVIIMLIPTAMAFHLTTRNGEPHMIVSKQEKGKSLLFKTEDGVNMCTLMAMDLGELCEDTITYNCPLLRQNEPEDIDCWCNATSTWVTYGTCTATGEHRREKRSVALVPHVGMGLETRTETWMSSEGAWKHAQRIETWILRHPGFTIMAAILAYTIGTTYFQRVLIFILLTAVAPSMTMRCIGISNRDFVEGVSGGSWVDIVLEHGSCVTTMAKNKPTLDFELIKTEAKQPANLRKYCIEAKLTNTTTASRCPTQGEPSLNEEQDKRFVCKHSMVDRGWGNGCGLFGKGGIVTCAMFTCKKNMEGKIVQPENLEYTIVVTPHSGEENAVGNDTGKHGKEIKVTPQSSITEAELTGYGTVTMECSPRTGLDFNEMVLLQMENKAWLVHRQWFLDLPLPWLPGADIQGSNWIQKETLVTFKNPHAKKQDVVVLGSQEGAMHTALTGATEIQMSSGNLLFTGHLKCRLRMDKLQLKGMSYSMCTGKFKVVKEIAETQHGTIVVRVQYEGDGSPCKIPFEIMDLEKRHVLGRLITVNPIVTEKDSPVNIEAEPPFGDSYIIIGVEPGQLKLSWFKKGSSIGQMFETTMRGAKRMAILGDTAWDFGSLGGVFTSIGKALHQVFGAIYGAAFSGVSWTMKILIGVVITWIGMNSRSTSLSVSLVLVGVVTLYLGVMVQADSGCVVSWKNKELKCG,,,,,,,,
tr|K9LWV5|K9LWV5_9FLAV Genome polyprotein (Fragment) OS=dengue virus type 2 OX=11060 PE=4 SV=1,MNNQRKKARNTPFNMLKRERNRVSTVQQLTKRFSLGMLQGRGPLKLFMALVAFLRFLTIPPTAGILKRWGTIKKSKAINVLRGFRKEIGRMLNILNRRRRTAGVIIMLIPTAMAFHLTTRNGEPHMIVSKQEKGKSLLFKTEDGVNMCTLMAMDLGELCEDTITYNCPLLRQNEPEDIDCWCNATSTWVTYGTCTATGEHRREKRSVALVPHVGMGLETRTETWMSSEGAWKHAQRIETWILRHPGFTIMAAILAYTIGTTYFQRVLIFILLTAVAPSMTMRCIGISNRDFVEGVSGGSWVDIVLEHGSCVTTMAKNKPTLDFELIKTEAKQPATLRKYCIEAKLTNTTTASRCPTQGEPSLNEEQDKRFVCKHSMVDRGWGNGCGLFGKGGIVTCAMFTCKKNMEGKIVQPENLEYTIVVTPHSGEENAVGNDTGKHGKEIKVTPQSSITEAELTGYGTVTMECSPRTGLDFNEMVLLQMENKAWLVHRQWFLDLPLPWLPGADIQGSNWIQKETLVTFKNPHAKKQDVVVLGSQEGAMHTALTGATEIQMSSGNLLFTGHLKCRLRMDKLQLKGMSYSMCTGKFKVVKEIAETQHGTIVVRVQYEGDGSPCKIPFEIMDLEKRHVLGRLITVNPIVTEKDSPVNIEAEPPFGDSYIIIGVEPGQLKLSWFKKGSSIGQMFETTMRGAKRMAILGDTAWDFGSLGGVFTSIGKALHQVFGAIYGAAFSGVSWTMKILIGVVITWIGMNSRSTSLSVSLVLVGVVTLYLGVMVQADSGCVVSWKNKELKCG,,,,,,,,
tr|K9LY25|K9LY25_9FLAV Genome polyprotein (Fragment) OS=dengue virus type 2 OX=11060 PE=4 SV=1,MNNQRKKARNTPFNMLKRERNRVSTVQQLTKRFSLGMLQGRGPLKLFMALVAFLRFLTIPPTAGILKRWGTIKKSKAINVLRGFRKEIGRMLNILNRRRRTAGVIIMLIPTAMAFHLTTRNGEPHMIVSKQEKGKSLLFKTEDGVNMCTLMAMDLGELCEDTITYNCPLLRQNEPEDIDCWCNATSTWVTYGTCTATGEHRREKRSVALVPHVGMGLETRTETWMSSEGAWKHAQRIETWILRHPGFTIMAAILAYTIGTTYFQRVLIFILLTAVAPSMTMRCIGISNRDFVEGISGGSWVDIVLEHGSCVTTMAKNKPTLDFELIKTEAKQPATLRKYCIEAKLTNTTTASRCPTQGEPSLNEEQDKRFVCKHSMVDRGWGNGCGLFGKGGIVTCAMFTCKKNMEGKIVQPENLEYTIVVTPHSGEENAVGNDTGKHGKEIKVTPQSSITEAELTGYGTVTMECSPRTGLDFNEMVLLQMENKAWLVHRQWFLDLPLPWLPGADIQGSNWIQKETLVTFKNPHAKKQDVVVLGSQEGAMHTALTGATEIQMSSGNLLFTGHLKCRLRMDKLQLKGMSYSMCTGKFKVVKEIAETQHGTIVVRVQYEGDGSPCKIPFEIMDLEKRHVLGRLITVNPIVTGKDSPVNIEAEPPYGDSYIIIGVEPGQLKLSWFKKGSSIGQMFETTMRGAKRMAILGDTAWDFGSLGGVFTSIGKALHQVFGAIYGAAFSGVSWTMKILIGVVITWIGMNSRSTSLSVSLVLVGVVTLYLGVMVQADSGCVVSWKNKELKCG,,,,,,,,
tr|W0LLB2|W0LLB2_9FLAV Polyprotein (Fragment) OS=dengue virus type 2 OX=11060 PE=4 SV=1,EEREIPERSWNSGHEWVTDFKGKTVWFVPSIKAGNDIAACLRKNGKKVIQLSRKTFDSEYVKTRTNDWDFVVTTDISEMGANFKAERVIDPRRCMKPVILTDGEERVILAGPMPVTHSSAAQRRGRIGRNPKNENDQYIYMGEPLENDEDCAHWKEAKMLLDNINTPEGIIPSMFEPEREKVDAIDGEYRLRGEARKTFVDLMRRGDLPVWLAYKVAAEGINYADRRWCFDGIKNNQILEENVEVEIWTKEGERKKLKPRWLDARIYSDPLALKEFKEFAAGRKSLTLNLITEMGRLPTFMTQKTRDALDNLAVLHTAEAGGRAYNHALSELPETLETLLLLTLLATVTGGIFLFLMSGRGIGKMTLGMCCIITASILLWYAQIQPHWIAASIILEFFLIVLLIPEPEKQRTPQDNQLTYVVIAILTVVAATMANEMGFLEKTKKDLGLGSIATQQPESNILDIDLRPASAWTLYAVATTFVTPMLRHSIENSSVNVSLTAIANQATVLMGLGKGWPLSKMDIGVPLLAIGCYSQVNPITLTAALLLLVAHYAIIGPGLQAKATREAQKRAAAGIMKNPTVDGITVIDLDPIPYDPKFEKQLGQVMLLILCVTQVLMMRTTWALCEALTLATGPISTLWEGNPGRFWNTTIAVSMANIFRGSYXXXXXXXXXXXXXXXXXXXXXXXXXXXLGEKWKSRLNALGKSEFQIYKKSGIQEVDRTLAKEGIKRGETDHHAVSRGSAKLRWFVERNMVTPEGKVVDLGCGRGGWSYYCGGLKNVREVKGLTKGGPGHEEPIPMSTYGWNLVRLQSGVDVFFIPPEKCDTLLCDIGESSPNPTVEAGRTLRVLNLVENWLNNNTQFCIKVLNPYMPSVIEKMEALQRKYGGALVRNPLSRNSTHEMYWVSNASGNIVSSVNMISRMLINRFTMRHKKATYEPDVDLGSGTRNIGIESETPNLDIIGKRIEKIKEEHETSWHYDQDHPYKTWAYHGSYETKQTGSASSMVNGVVRLLTKPWDVLPTVTQMAMTDTTPFGQQRVFKEKVDTRTQEPKEGTKKLMKITAEWLWKELGKKKTPRMCTREEFTRKVRSNAALGAIFTDENKWKSAREAVEDSRFWELVDKERNLHLEGKCETCVYNMMGKREKKLGEFGKAKGSRAIWYMWLGARFLEFEALGFLNEDHWFSRENSLSGVEGEGLHKLGYILRDVSKKEGGAMYADDTAGWDTRITLEDLKNEEMVTNHMEGEHKKLAEAIFKLTYQNKVVRVQRPTPRGTVMDIISRRDQRGSGQVGTYGLNTFTNMEAQLIRQMEGEGVFKNIQHLTVTEEAAVQNWLARVGRERLSRMAISGDDCVVKPLDDRFANALTALNDMGKIRKDIQQWEPSKGWNDWTQVPFCSHHFHELIMKDGRVLVVPCRNQDELIGRARISQGAGWSLRETACLGKSYAQMWSLMYFHRRDLRLAANAICSAVPSHWVPTSRTTWSIHAKHEWMTTEDMLTVWNRVWIRENPWMEDKTPVESWEEIPYLGKREDQWCGSLIGLTSRATWAKNIQAAINQVRSLIGNEEYTDYMPSMKRFRREEEEAGVLW,,,,,,,,
tr|A0T4E5|A0T4E5_9FLAV Nonstructural protein (Fragment) OS=dengue virus type 2 OX=11060 PE=4 SV=1,DNLAVLHTAEAGGRAYNHALSELPETLETLLLLTLLATVTGGIFLFLMSGRGIGKMTLGMCCIITASILLWYAQIQPHWIAASIILEFFLIVLLIPEPEKQRTPQDNQLTYVVIAILTVVAATMANEMGFLEKTKKDLGLGSITTQQPESNILDIDLRPASAWTLYAVATTFVTPMLRHSIENSSVNVSLTAIANQATVLMGLGKGWPLSKMDIGVPLLAIGCYSQVNPITLTAALFLLVAHYAIIGPGLQAKATREAQKRAAAGIMKNPTVGRITVIDLDPIPYDPKFEKQLGQVMLLVLCVTQVLMMRTTWALCEALTLATGPISTLWEGNPGRFWNTTIAVSMANIFRGSYLAGAGLLFSIMKNTTNTRRGTGNIGETLGEKWKSRLNALGKSEFQIYKKSGIQEVDRTLAKEGIKRGETDHHAVSRGSAKLRWFVERNMVTPEGKVVDLGCGRGGWSYYCGGLKNVREVKGLTKGGPGHEEPIPMSTYGWNLVRLQSGVDVFFTPPEKCDTLLCDIGESSPNPTVEAGRTLRVLNLVENWLNNNTQFCIKVLNPYMPSVIEKMEALQRKYGGALVRNPLSRNSTHEMYWVSNASGNIVSSVNMISRMLINRFTMRHKKATYEPDVDLGSGTRNIGIESE,,,,,,,,
tr|D4QFF9|D4QFF9_9FLAV Polyprotein (Fragment) OS=dengue virus type 2 OX=11060 PE=4 SV=1,AERVIDPRRCMKPXILTDGEERVILAGPMPVTHSSAAQRRGRIGRNPKNENDQYIYMGEPLENDEDCAHWKEAKMLLDNINTPEGIIPSMFEPEREKVDAIDGEYRLRGEARKTFVDLMRRGDLPVWLAYKVAAEGINYADRRWCFDGIKNNQILEENVEVEIWTKEGERKKLKPRWLDARIYSDPLALKEFKEFAAGRKSLTLNLITEMGRLPTFMTQKTRDALDNLAVLHTAEAGGRAYNHALSELPETLETLLLLTLLATVTGGIFLFLMSGRGIGKMTLGMCCIITASILLWYAQIQPHWIAASIILEFFLIVLLIPEPEKQRTPQDNQLTYVVIAILTVVAATMANEMGFLEKTKKDLGLGSIATQQPESNILDIDLRPASAWTLYAVATTFVTPMLRHSIENSSVNVSLTAIANQATVLMGLGKGWPLSKMDIGVPLLAIGCYSQVNPITLTAALLLLVAHYAIIGPGLQAKATREAQKRAAAGIMKNPTVDGITVIDLDPIPYDPKFEKQLGQVMLLILCVTQVLMMRTTWALCEALTLATGPISTLWEGNPGRFWNTTIAVSMANIFRGSYLAGAGLLFSIMKNTTNTRRGTGNIGETLGEKWKSRLNALGKSEFQIYKKSGIQEVDRTLAKEGIKRGETDHHAVSRGSAKLRWFVERNMVTPEGKVVDLGCGRGGWSYYCGGLKNVREVKGLTKGGPGHEEPIPMSTYGWNLVRLQSGVDVFFIPPEKCDTLLCDIGESSPNPTVEAGRTLRVLNLVENWLNNNTQFCIKVLNPYMPSVIEKMEALQRKYGGALVRNPLSRNSTHEMYWVSNASGNIVSSVNMISRMLINRFTMRHKKATYEPDVDLGSGTRNIGIESEIPNLDIIGKRIEKIKQEHETSWHYDQDHPYKTWAYHGSYETKQTGSASSMVNGVVRLLTKPWDVLPTVTQMAMTDTTPFGQQRVFKEKVDTRTQEPKEGTKKLMKITAEWLWKELGKKKTPRMCTREEFTRKVRSNAALGAIFTDENKWKSAREAVEDSRFWELVDKERNLHLEGKCETCVYNMMGKREKKLGEFGKAKGSRAIWYMWLGARFLEFEALGFLNEDHWFSRENSLSGVEGEGLHKLGYILRDVSKKEGGAMYADDTAGWDTRITLEDLKNEEMVTNHMEGEHKKLAEAIFKLTYQNKVVRVQRPTPRGTVMDIISRRDQRGSGQVGTYGLNTFTNMEAQLIRQMEGEGVFKNIQHLTVTEEVAVQNWLARVGRERLSRMAISGDDCVVKPLDDRFANALTALNDMGKIRKDIQQWEPSKGWNDWTQVPFCSHHFHELIMKDGRVLVVPCRNQDELIGRARISQGAGWSLRETACLGKSYAQMWSLMYFHRRDLRLAANAICSAVPSHWVPTSRTTWSIHAKHEWMTTEDMLTVWNRVWIRENPWMEDKTPVESWEEIPYLGKREDQWCGSLIGLTSRATWAKNIQAAINQVRSLIGNEEYTDYMPSMKRFXREEEEAGVLW,,,,,,,,
tr|D4QFG0|D4QFG0_9FLAV Polyprotein (Fragment) OS=dengue virus type 2 OX=11060 PE=4 SV=1,AERVIDPRRCMKPXILTDGEERVILAGPMPVTHSSAAQRRGRIGRNPKNENDQYIYMGEPLENDEDCAHWKEAKMLLDNINTPEGIIPSMFEPEREKVDAIDGEYRLRGEARKTFVDLMRRGDLPVWLAYKVAAEGINYADRRWCFDGIKNNQILEENVEVEIWTKEGERKKLKPRWLDARIYSDPLALKEFKEFAAGRKSLTLNLITEMGRLPTFMTQKTRDALDNLAVLHTAEAGGRAYNHALSELPETLETLLLLTLLATVTGGIFLFLMSGRGIGKMTLGMCCIITASILLWYAQIQPHWIAASIILEFFLIVLLIPEPEKQRTPQDNQLTYVVIAILTVVAATMANEMGFLEKTKKDLGLGSIATQQPESNILDIDLRPASAWTLYAVATTFVTPMLRHSIENSSVNVSLTAIANQATVLMGLGKGWPLSKMDIGVPLLAIGCYSQVNPITLTAALLLLVAHYAIIGPGLQAKATREAQKRAAAGIMKNPTVDGITVIDLDPIPYDPKFEKQLGQVMLLILCVTQVLMMRTTWALCEALTLATGPISTLWEGNPGRFWNTTIAVSMANIFRGSYLAGAGLLFSIMKNTTNTRRGTGNIGETLGEKWKSRLNALGKSEFQIYKKSGIQEVDRTLAKEGIKRGETDHHAVSRGSAKLRWFVERNMVTPEGKVVDLGCGRGGWSYYCGGLKNVREVKGLTKGGPGHEEPIPMSTYGWNLVRLQSGVDVFFIPPEKCDTLLCDIGESSPNPTVEAGRTLRVLNLVENWLNNNTQFCIKVLNPYMPSVIEKMEALQRKYGGALVRNPLSRNSTHEMYWVSNASGNIVSSVNMISRMLINRFTMRHKKATYEPDVDLGSGTRNIGIESEIPNLDIIGKRIEKIKQEHETSWHYDQDHPYKTWAYHGSYETKQTGSASSMVNGVVRLLTKPWDVLPTVTQMAMTDTTPFGQQRVFKEKVDTRTQEPKEGTKKLMKITAEWLWKELGKKKTPRMCTREEFTRKVRSNAALGAIFTDENKWKSAREAVEDSRFWELVDKERNLHLEGKCETCVYNMMGKREKKLGEFGKAKGSRAIWYMWLGARFLEFEALGFLNEDHWFSRENSLSGVEGEGLHKLGYILRDVSKKEGGAMYADDTAGWDTRITLEDLKNEEMVTNHMEGEHKKLAEAIFKLTYQNKVVRVQRPTPRGTVMDIISRRDQRGSGQVGTYGLNTFTNMEAQLIRQMEGEGVFKNIQHLTVTEEVAVQNWLARVGRERLSRMAISGDDCVVKPLDDRFANALTALNDMGKIRKDIQQWEPSKGWNDWTQVPFCSHHFHELIMKDGRVLVVPCRNQDELIGRARISQGAGWSLRETACLGKSYAQMWSLMYFHRRDLRLAANAICSAVPSHWVPTSRTTWSIHAKHEWMTTEDMLTVWNRVWIRENPWMEDKTPVESWEEIPYLGKREDQWCGSLIGLTSRATWAKNIQAAINQVRSLIGNEEYTDYMPSMKRFXREEEEAGVLW,,,,,,,,
tr|K9LVE8|K9LVE8_9FLAV Genome polyprotein (Fragment) OS=dengue virus type 2 OX=11060 PE=4 SV=1,MNNQRKKARNTPFNMLKRERNRVSTVQQLTKRFSLGMLQGRGPLKLFMALVAFLRFLTIPPTAGILKRWGTIKKSKAINVLRGFRKEIGRMLNILNRRRRTAGVIIMLIPTAMAFHLTTRNGEPHMIVSKQEKGKSLLFKTEDGVNMCTLMAMDLGELCEDTITYNCPLLRQNEPEDIDCWCNATSTWVTYGTCTATGEHRREKRSVALVPHVGMGLETRTETWMSSEGAWKHAQRIETWILRHPGFTIMAAILAYTIGTTYFQRVLIFILLTAVAPSMTMRCIGISNRDFVEGVSGGSWVDIVLEHGSCVTTMAKNKPTLDFELIKTEAKQPATLRKYCIEAKLTNTTTASRCPTQGEPSLNEEQDKRFVCKHSMVDRGWGNGCGLFGKGGIVTCAMFTCKKNMEGKIVQPENLEYTIVVTPHSGEENAVGNDTGKHGKEIKVTPQSSITEAELTGYGTVTMECSPRTGLDFNEMVLLQMENKAWLVHRQWFLDLPLPWLPGADIQGSNWIQKETLVTFKNPHAKKQDVVVLGSQEGAMHTALTGATEIQMSSGNLLFTGHLKCRLRMDKLQLKGMSYSMCTGKFKVVKEIAETQHGTIVVRVQYEGDGSPCKIPFEIMDLEKRHVLGRLITVNPIVTEKNSPVNIEAEPPFGDSYIIIGVEPGQLKLSWFKKGSSIGQMFETTMRGAKRMAILGDTAWDFGSLGGVFTSIGKALHQVFGAIYGAAFSGVSWTMKILIGVVITWIGMNSRSTSLSVSLVLVGVVTLYLGVMVQADSGCVVSWKNKELNCG,,,,,,,,
tr|K9LVF1|K9LVF1_9FLAV Genome polyprotein (Fragment) OS=dengue virus type 2 OX=11060 PE=4 SV=1,MNNQRKKARNTPFNMLKRERNRVSTVQQLTKRFSLGMLQGRGPLKLFMALVAFLRFLTIPPTAGILKRWGTIKKSKAINVLRGFRKEIGRMLNILNRRRRTAGVIIMLIPTAMAFHLTTRNGEPHMIVSKQEKGKSLLFKTEDGVNMCTLMAMDLGELCEDTITYNCPLLRQNEPEDIDCWCNATSTWVTYGTCTATGEHRREKRSVALVPHVGMGLETRTETWMSSEGAWKHAQRIETWILRHPGFTIMAAILAYTIGTTYFQRVLIFILLTAVAPSMTMRCIGISNRDFVEGVSGGSWVDIVLEHGSCVTTMAKNKPTLDFELIKTEAKQPATLRKYCIEAKLTNTTTASRCPTQGEPSLNEEQDKRFVCKHSMVDRGWGNGCGLFGKGGIVTCAMFTCKKNMEGKIVQPENLEYTIVVTPHSGEENAVGNDTGKHGKEIKVTPQSSITEAELTGYGTVTMECSPRTGLDFNEMVLLQMENKAWLVHRQWFLDLPLPWLPGADIQGSNWIQKETLVTFKNPHAKKQDVVVLGSQEGAMHTALTGATEIQMSSGNLLFTGHLKCRLRMDKLQLKGMSYSMCTGKFKVVKEIAETQHGTIVVRVQYEGDGSPCKIPFEIMDLEKRHVLGRLITVNPIVTEKDSPVNIEAEPPFGDSYIIIGVEPGQLKLSWFKKGSSIGQMFETTMRGAKRMAILGDTAWDFGSLGGVFTSIGKALHQVFGAIYGAAFSGVSWTMKILIGVVITWIGMNSRSTSLSVSLVLVGVVTLYLGVMVQADSGCVVSWKNKELKCG,,,,,,,,
tr|K9LVF3|K9LVF3_9FLAV Genome polyprotein (Fragment) OS=dengue virus type 2 OX=11060 PE=4 SV=1,MNNQRKKARNTPFNMLKRERNRVSTVQQLTKRFSLGMLQGRGPLKLFMALVAFLRFLTIPPTAGILKRWGTIKKSKAINVLRGFRKEIGRMLNILNRRRRTAGVIIMLIPTAMAFHLTTRNGEPHMIVSKQEKGKSLLFKTEDGVNMCTLMAMDLGELCEDTITYNCPLLRQNEPEDIDCWCNATSTWVTYGTCTATGEHRREKRSVALVPHVGMGLETRTETWMSSEGAWKHAQRIETWILRHPGFTIMAAILAYTIGTTYFQRVLIFILLTAVAPSMTMRCIGISNRDFVEGVSGGSWVDIVLEHGSCVTTMAKNKPTLDFELIKTEAKQPATLRKYCIEAKLTNTTTASRCPTQGEPSLNEEQDKRFVCKHSMVDRGWGNGCGLFGKGGIVTCAMFTCKKNMEGKIVQPENLEYTIVVTPHSGEENAVGNDTGKHGKEIKVTPQSSITEAELTGYGTVTMECSPRTGLDFNEMVLLQMENKAWLVHRQWFLDLPLPWLPGADIQGSNWIQKETLVTFKNPHAKKQDVVVLGSQEGAMHTALTGATEIQMSSGNLLFTGHLKCRLRMDKLQLKGMSYSMCTGKFKVVKEIAETQHGTIVVRVQYEGDGSPCKIPFEIMDLEKRHVLGRLITVNPIVTEKDSPVNIEAEPPFGDSYIIIGVEPGQLKLSWFKKGSSIGQMFETTMRGAKRMAILGDTAWDFGSLGGVFTSIGKALHQVFGAIYGAAFSGVSWTMKILIGVVITWIGMNSRSTSLSVSLVLVGVVTLYLGVMVQADSGCVVSWKNKELKCG,,,,,,,,
tr|K9LVS2|K9LVS2_9FLAV Genome polyprotein (Fragment) OS=dengue virus type 2 OX=11060 PE=4 SV=1,MNNQRKKARNTPFNMLKRERNRVSTVQQLTKRFSLGMLQGRGPLKLFMALVAFLRFLTIPPTAGILKRWGTIKKSKAINVLRGFRKEIGRMLNILNRRRRTAGVIIMLIPTAMAFHLTTRNGEPHMIVSKQEKGKSLLFKTEDGVNMCTLMAMDLGELCEDTITYNCPLLRQNEPEDIDCWCNATSTWVTYGTCTATGEHRREKRSVALVPHVGMGLETRTETWMSSEGAWKHAQRIETWILRHPGFTIMAAILAYTIGTTYFQRVLIFILLTAVAPSMTMRCIGISNRDFVEGVSGGSWVDIVLEHGSCVTTMAKNKPTLDFELIKTEAKQPATLRKYCIEAKLTNTTTASRCPTQGEPSLNEEQDKRFVCKHSMVDRGWGNGCGLFGKGGIVTCAMFTCKKNMEGKIVQPENLEYTIVVTPHSGEENAVGNDTGKHGKEIKVTPQSSITEAELTGYGTVTMECSPRTGLDFNEMVLLQMENKAWLVHRQWFLDLPLPWLPGADIQGSNWIQKETLVTFKNPHAKKQDVVVLGSQEGAMHTALTGATEIQMSSGNLLFTGHLKCRLRMDKLQLKGMSYSMCTGKFKVIKEIAETQHGTIVVRVQYEGDGSPCKIPFEIMDLEKRHVLGRLITVNPIVTEKDSPVNIEAEPPFGDSYIIIGVEPGQLKLSWFKKGSSIGQMFETTMRGAKRMAILGDTAWDFGSLGGVFTSIGKALHQVFGAIYGAAFSGVSWTMKILIGVVITWIGMNSRSTSLSVSLVLVGVVTLYLGVMVQADSGCVVSWKNKELKCG,,,,,,,,
tr|K9LW15|K9LW15_9FLAV Genome polyprotein (Fragment) OS=dengue virus type 2 OX=11060 PE=4 SV=1,MNNQRKKARNTPFNMLKRERNRVSTVQQLTKRFSLGMLQGRGPLKLFMALVAFLRFLTIPPTAGILKRWGTIKKSKAINVLRGFRKEIGRMLNILNRRRRTAGVIIMLIPTAMAFHLTTRNGEPHMIVSKQEKGKSLLFKTEDGVNMCTLMAMDLGELCEDTITYNCPLLRQNEPEDIDCWCNATSTWVTYGTCTATGEHRREKRSVALVPHVGMGLETRTETWMSSEGAWKHAQRIETWILRHPGFTIMAAILAYTIGTTYFQRVLIFILLTAVAPSMTMRCIGISNRDFVEGVSGGSWVDIVLEHGSCVTTMAKNKPTLDFELIKTEAKQPATLRKYCIEAKLTNTTTASRCPTQGEPSLNEEQDKRFVCKHSMVDRGWGNGCGLFGKGGIVTCAMFTCKKNMEGKIVQPENLEYTIVVTPHSGEENAVGNDTGKHGKEIKVTPQSSITEAELTGYGTVTMECSPRTGLDFNEMVLLQMENKAWLVHRQWFLDLPLPWLPGADIQGSNWIQKETLVTFKNPHAKKQDVVVLGSQEGAMHTALTGATEIQMSSGNLLFTGHLKCRLRMDKLQLKGMSYSMCTGKFKVVKEIAETQHGTIVVRVQYEGDGSPCKIPFEIMDLEKRHVLGRLITVNPIVTEKDSPVNIEAEPPFGDSYIIIGVEPGQLKLSWFKKGSSIGQMFETTMRGAKRMAILGDTAWDFGSLGGVFTSIGKALHQVFGAIYGAAFSGVSWTMKILIGVVITWIGMNSRSTSLSVSLVLVGVVTLYLGVMVQADSGCVVSWKNKELKCG,,,,,,,,
tr|K9LWU5|K9LWU5_9FLAV Genome polyprotein (Fragment) OS=dengue virus type 2 OX=11060 PE=4 SV=1,MNNQRKKARNTPFNMLKRERNRVSTVQQLTKRFSLGMLQGRGPLKLFMALVAFLRFLTIPPTAGILKRWGTIKKSKAINVLRGFRKEIGRMLNILNRRRRTAGVIIMLIPTAMAFHLTTRNGEPHMIVSKQEKGKSLLFKTEDGVNMCTLMAMDLGELCEDTITYNCPLLRQNEPEDIDCWCNATSTWVTYGTCTATGEHRREKRSVALVPHVGMGLETRTETWMSSEGAWKHAQRIETWILRHPGFTIMAAILAYTIGTTYFQRVLIFILLTAVAPSMTMRCIGISNRDFVEGVSGGSWVDIVLEHGSCVTTMAKNKPTLDFELIKTEAKQPATLRKYCIEAKLTNTTTASRCPTQGEPSLNEEQDKRFVCKHSMVDRGWGNGCGLFGKGGIVTCAMFTCKKNMEGKIVQPENLEYTIVVTPHSGEENAVGNDTGKHGKEIKVTPQSSITEAELTGYGTVTMECSPRTGLDFNEMVLLQMENKAWLVHRQWFLDLPLPWLPGADIQGSNWIQKEMLVTFKNPHAKKQDVVVLGSQEGAMHTALTGATEIQMSSGNLLFTGHLKCRLRMDKLQLKGMSYSMCTGKFKVVKEIAETQHGTIVVRVQYEGDGSPCKIPFEIMDLEKRHVLGRLITVNPIVTGKDSPVNIEAEPPFGDSYIIIGVEPGQLKLSWFKKGSSIGQMFETTMRGAKRMAILGDTAWDFGSLGGVFTSIGKALHQVFGAIYGAAFSGVSWTMKILIGVVITWIGMNSRSTSLSVSLVLVGVVTLYLGVMVQADSGCVVSWKNKELKCG,,,,,,,,
tr|K9LWV0|K9LWV0_9FLAV Genome polyprotein (Fragment) OS=dengue virus type 2 OX=11060 PE=4 SV=1,MNNQRKKARNTPFNMLKRERNRVSTVQQLTKRFSLGMLQGRGPLKLFMALVAFLRFLTIPPTAGILKRWGTIKKSKAINVLRGFRKEIGRMLNILNRRRRTAGVIIMLIPTAMAFHLTTRNGEPHMIVSKQEKGKSLLFKTEDGVNMCTLMAMDLGELCEDTITYNCPLLRQNEPEDIDCWCNATSTWVTYGTCTATGEHRREKRSVALVPHVGMGLETRTETWMSSEGAWKHAQRIETWILRHPGFTIMAAILAYTIGTTYFQRVLIFILLTAVAPSMTMRCIGISNRDFVEGVSGGSWVDIVLEHGSCVTTMAKNKPTLDFELIKTEAKQPANLRKYCIEAKLTNTTTASRCPTQGEPSLNEEQDKRFVCKHSMVDRGWGNGCGLFGKGGIVTCAMFTCKKNMEGKIVQPENLEYTIVVTPHSGEENAVGNDTGKHGKEIKVTPQSSITEAELTGYGTVTMECSPRTGLDFNEMVLLQMENKAWLVHRQWFLDLPLPWLPGADIQGSNWIQKETLVTFKNPHAKKQDVVVLGSQEGAMHTALTGATEIQMSSGNLLFTGHLKCRLRMDKLQLKGMSYSMCTGKFKVVKEIAETQHGTIVVRVQYEGDGSPCKIPFEIMDLEKRHVLGRLITVNPIVTEKDSPVNIEAEPPFGDSYIIIGVEPGQLKLSWFKKGSSIGQMFETTMRGAKRMAILGDTAWDFGSLGGVFTSIGKALHQVFGAIYGAAFSGVSWTMKILIGVVITWIGMNSRSTSLSVSLVLVGVVTLYLGVMVQADSGCVVSWKNKELKCG,,,,,,,,
tr|K9LWV5|K9LWV5_9FLAV Genome polyprotein (Fragment) OS=dengue virus type 2 OX=11060 PE=4 SV=1,MNNQRKKARNTPFNMLKRERNRVSTVQQLTKRFSLGMLQGRGPLKLFMALVAFLRFLTIPPTAGILKRWGTIKKSKAINVLRGFRKEIGRMLNILNRRRRTAGVIIMLIPTAMAFHLTTRNGEPHMIVSKQEKGKSLLFKTEDGVNMCTLMAMDLGELCEDTITYNCPLLRQNEPEDIDCWCNATSTWVTYGTCTATGEHRREKRSVALVPHVGMGLETRTETWMSSEGAWKHAQRIETWILRHPGFTIMAAILAYTIGTTYFQRVLIFILLTAVAPSMTMRCIGISNRDFVEGVSGGSWVDIVLEHGSCVTTMAKNKPTLDFELIKTEAKQPATLRKYCIEAKLTNTTTASRCPTQGEPSLNEEQDKRFVCKHSMVDRGWGNGCGLFGKGGIVTCAMFTCKKNMEGKIVQPENLEYTIVVTPHSGEENAVGNDTGKHGKEIKVTPQSSITEAELTGYGTVTMECSPRTGLDFNEMVLLQMENKAWLVHRQWFLDLPLPWLPGADIQGSNWIQKETLVTFKNPHAKKQDVVVLGSQEGAMHTALTGATEIQMSSGNLLFTGHLKCRLRMDKLQLKGMSYSMCTGKFKVVKEIAETQHGTIVVRVQYEGDGSPCKIPFEIMDLEKRHVLGRLITVNPIVTEKDSPVNIEAEPPFGDSYIIIGVEPGQLKLSWFKKGSSIGQMFETTMRGAKRMAILGDTAWDFGSLGGVFTSIGKALHQVFGAIYGAAFSGVSWTMKILIGVVITWIGMNSRSTSLSVSLVLVGVVTLYLGVMVQADSGCVVSWKNKELKCG,,,,,,,,
tr|K9LY25|K9LY25_9FLAV Genome polyprotein (Fragment) OS=dengue virus type 2 OX=11060 PE=4 SV=1,MNNQRKKARNTPFNMLKRERNRVSTVQQLTKRFSLGMLQGRGPLKLFMALVAFLRFLTIPPTAGILKRWGTIKKSKAINVLRGFRKEIGRMLNILNRRRRTAGVIIMLIPTAMAFHLTTRNGEPHMIVSKQEKGKSLLFKTEDGVNMCTLMAMDLGELCEDTITYNCPLLRQNEPEDIDCWCNATSTWVTYGTCTATGEHRREKRSVALVPHVGMGLETRTETWMSSEGAWKHAQRIETWILRHPGFTIMAAILAYTIGTTYFQRVLIFILLTAVAPSMTMRCIGISNRDFVEGISGGSWVDIVLEHGSCVTTMAKNKPTLDFELIKTEAKQPATLRKYCIEAKLTNTTTASRCPTQGEPSLNEEQDKRFVCKHSMVDRGWGNGCGLFGKGGIVTCAMFTCKKNMEGKIVQPENLEYTIVVTPHSGEENAVGNDTGKHGKEIKVTPQSSITEAELTGYGTVTMECSPRTGLDFNEMVLLQMENKAWLVHRQWFLDLPLPWLPGADIQGSNWIQKETLVTFKNPHAKKQDVVVLGSQEGAMHTALTGATEIQMSSGNLLFTGHLKCRLRMDKLQLKGMSYSMCTGKFKVVKEIAETQHGTIVVRVQYEGDGSPCKIPFEIMDLEKRHVLGRLITVNPIVTGKDSPVNIEAEPPYGDSYIIIGVEPGQLKLSWFKKGSSIGQMFETTMRGAKRMAILGDTAWDFGSLGGVFTSIGKALHQVFGAIYGAAFSGVSWTMKILIGVVITWIGMNSRSTSLSVSLVLVGVVTLYLGVMVQADSGCVVSWKNKELKCG,,,,,,,,
tr|W0LLB2|W0LLB2_9FLAV Polyprotein (Fragment) OS=dengue virus type 2 OX=11060 PE=4 SV=1,EEREIPERSWNSGHEWVTDFKGKTVWFVPSIKAGNDIAACLRKNGKKVIQLSRKTFDSEYVKTRTNDWDFVVTTDISEMGANFKAERVIDPRRCMKPVILTDGEERVILAGPMPVTHSSAAQRRGRIGRNPKNENDQYIYMGEPLENDEDCAHWKEAKMLLDNINTPEGIIPSMFEPEREKVDAIDGEYRLRGEARKTFVDLMRRGDLPVWLAYKVAAEGINYADRRWCFDGIKNNQILEENVEVEIWTKEGERKKLKPRWLDARIYSDPLALKEFKEFAAGRKSLTLNLITEMGRLPTFMTQKTRDALDNLAVLHTAEAGGRAYNHALSELPETLETLLLLTLLATVTGGIFLFLMSGRGIGKMTLGMCCIITASILLWYAQIQPHWIAASIILEFFLIVLLIPEPEKQRTPQDNQLTYVVIAILTVVAATMANEMGFLEKTKKDLGLGSIATQQPESNILDIDLRPASAWTLYAVATTFVTPMLRHSIENSSVNVSLTAIANQATVLMGLGKGWPLSKMDIGVPLLAIGCYSQVNPITLTAALLLLVAHYAIIGPGLQAKATREAQKRAAAGIMKNPTVDGITVIDLDPIPYDPKFEKQLGQVMLLILCVTQVLMMRTTWALCEALTLATGPISTLWEGNPGRFWNTTIAVSMANIFRGSYXXXXXXXXXXXXXXXXXXXXXXXXXXXLGEKWKSRLNALGKSEFQIYKKSGIQEVDRTLAKEGIKRGETDHHAVSRGSAKLRWFVERNMVTPEGKVVDLGCGRGGWSYYCGGLKNVREVKGLTKGGPGHEEPIPMSTYGWNLVRLQSGVDVFFIPPEKCDTLLCDIGESSPNPTVEAGRTLRVLNLVENWLNNNTQFCIKVLNPYMPSVIEKMEALQRKYGGALVRNPLSRNSTHEMYWVSNASGNIVSSVNMISRMLINRFTMRHKKATYEPDVDLGSGTRNIGIESETPNLDIIGKRIEKIKEEHETSWHYDQDHPYKTWAYHGSYETKQTGSASSMVNGVVRLLTKPWDVLPTVTQMAMTDTTPFGQQRVFKEKVDTRTQEPKEGTKKLMKITAEWLWKELGKKKTPRMCTREEFTRKVRSNAALGAIFTDENKWKSAREAVEDSRFWELVDKERNLHLEGKCETCVYNMMGKREKKLGEFGKAKGSRAIWYMWLGARFLEFEALGFLNEDHWFSRENSLSGVEGEGLHKLGYILRDVSKKEGGAMYADDTAGWDTRITLEDLKNEEMVTNHMEGEHKKLAEAIFKLTYQNKVVRVQRPTPRGTVMDIISRRDQRGSGQVGTYGLNTFTNMEAQLIRQMEGEGVFKNIQHLTVTEEAAVQNWLARVGRERLSRMAISGDDCVVKPLDDRFANALTALNDMGKIRKDIQQWEPSKGWNDWTQVPFCSHHFHELIMKDGRVLVVPCRNQDELIGRARISQGAGWSLRETACLGKSYAQMWSLMYFHRRDLRLAANAICSAVPSHWVPTSRTTWSIHAKHEWMTTEDMLTVWNRVWIRENPWMEDKTPVESWEEIPYLGKREDQWCGSLIGLTSRATWAKNIQAAINQVRSLIGNEEYTDYMPSMKRFRREEEEAGVLW,,,,,,,,
tr|A0T4E5|A0T4E5_9FLAV Nonstructural protein (Fragment) OS=dengue virus type 2 OX=11060 PE=4 SV=1,DNLAVLHTAEAGGRAYNHALSELPETLETLLLLTLLATVTGGIFLFLMSGRGIGKMTLGMCCIITASILLWYAQIQPHWIAASIILEFFLIVLLIPEPEKQRTPQDNQLTYVVIAILTVVAATMANEMGFLEKTKKDLGLGSITTQQPESNILDIDLRPASAWTLYAVATTFVTPMLRHSIENSSVNVSLTAIANQATVLMGLGKGWPLSKMDIGVPLLAIGCYSQVNPITLTAALFLLVAHYAIIGPGLQAKATREAQKRAAAGIMKNPTVGRITVIDLDPIPYDPKFEKQLGQVMLLVLCVTQVLMMRTTWALCEALTLATGPISTLWEGNPGRFWNTTIAVSMANIFRGSYLAGAGLLFSIMKNTTNTRRGTGNIGETLGEKWKSRLNALGKSEFQIYKKSGIQEVDRTLAKEGIKRGETDHHAVSRGSAKLRWFVERNMVTPEGKVVDLGCGRGGWSYYCGGLKNVREVKGLTKGGPGHEEPIPMSTYGWNLVRLQSGVDVFFTPPEKCDTLLCDIGESSPNPTVEAGRTLRVLNLVENWLNNNTQFCIKVLNPYMPSVIEKMEALQRKYGGALVRNPLSRNSTHEMYWVSNASGNIVSSVNMISRMLINRFTMRHKKATYEPDVDLGSGTRNIGIESE,,,,,,,,
