protein_accession,Fasta
D4QFF9,AERVIDPRRCMKPXILTDGEERVILAGPMPVTHSSAAQRRGRIGRNPKNENDQYIYMGEPLENDEDCAHWKEAKMLLDNINTPEGIIPSMFEPEREKVDAIDGEYRLRGEARKTFVDLMRRGDLPVWLAYKVAAEGINYADRRWCFDGMSARGIKNNQILEENVEVEIWTKEGERKKLKPRWLDARIYSDPLALKEFKEFAAGRKSLTLNLITEMGRLPTFMTQKTRDALDNLAVLHTAEAGGRAYNHALSELPETLETLLLLTLLATVTGGIFLFLMSGRGIGKMTLGMCCIITASILLWYAQIQPHWIAASIILEFFLIVLLIPEPEKQRTPQDNQLTYVVIAILTVVAATMANEMGFLEKTKKDLGLGSIATQQPESNILDIDLRPASAWTLYAVATTFVTPMLRHSIENSSVNVSLTAIANQATVLMGLGKGWPLSKMDIGVPLLAIGCYSQVNPITLTAALLLLVAHYAIIGPGLQAKATREAQKRAAAGIMKNPTVDGITVIDLDPIPYDPKFEKQLGQVMLLILCVTQVLMMRTTWALCEALTLATGPISTLWEGNPGRFWNTTIAVSMANIFRGSYLAGAGLLFSIMKNTTNTRRGTGNIGETLGEKWKSRLNALGKSEFQIYKKSGIQEVDRTLAKEGIKRGETDHHAVSRGSAKLRWFVERNMVTPEGKVVDLGCGRGGWSYYCGGLKNVREVKGLTKGGPGHEEPIPMSTYGWNLVRLQSGVDVFFIPPEKCDTLLCDIGESSPNPTVEAGRTLRVLNLVENWLNNNTQFCIKVLNPYMPSVIEKMEALQRKYGGALVRNPLSRNSTHEMYWVSNASGNIVSSVNMISRMLINRFTMRHKKATYEPDVDLGSGTRNIGIESEIPNLDIIGKRIEKIKQEHETSWHYDQDHPYKTWAYHGSYETKQTGSASSMVNGVVRLLTKPWDVLPTVTQMAMTDTTPFGQQRVFKEKVDTRTQEPKEGTKKLMKITAEWLWKELGKKKTPRMCTREEFTRKVRSNAALGAIFTDENKWKSAREAVEDSRFWELVDKERNLHLEGKCETCVYNMMGKREKKLGEFGKAKGSRAIWYMWLGARFLEFEALGFLNEDHWFSRENSLSGVEGEGLHKLGYILRDVSKKEGGAMYADDTAGWDTRITLEDLKNEEMVTNHMEGEHKKLAEAIFKLTYQNKVVRVQRPTPRGTVMDIISRRDQRGSGQVGTYGLNTFTNMEAQLIRQMEGEGVFKNIQHLTVTEEVAVQNWLARVGRERLSRMAISGDDCVVKPLDDRFANALTALNDMGKIRKDIQQWEPSKGWNDWTQVPFCSHHFHELIMKDGRVLVVPCRNQDELIGRARISQGAGWSLRETACLGKSYAQMWSLMYFHRRDLRLAANAICSAVPSHWVPTSRTTWSIHAKHEWMTTEDMLTVWNRVWIRENPWMEDKTPVESWEEIPYLGKREDQWCGSLIGLTSRATWAKNIQAAINQVRSLIGNEEYTDYMPSMKRFXREEEEAGVLW
D4QFG0,AERVIDPRRCMKPXILTDGEERVILAGPMPVTHSSAAQRRGRIGRNPKNENDQYIYMGEPLENDEDCAHWKEAKMLLDNINTPEGIIPSMFEPEREKVDAIDGEYRLRGEARKTFVDLMRRGDLPVWLAYKVAAEGINYADRRWCFDGIKNNQILEENVEVEIWTKEGERKKLKPRWLDARIYSDPLALKEFKEFAAGRKSLTLNLITEMGRLPTFMTQKTRDALDNLAVLHTAEAGGRAYNHALSELPETLETLLLLTLLATVTGGIFLFLMSGRGIGKMTLGMCCIITASILLWYAQIQPHWIAASIILEFFLIVLLIPEPEKQRTPQDNQLTYVVIAILTVVAATMANEMGFLEKTKKDLGLGSIATQQPESNILDIDLRPASAWTLYAVATTFVTPMLRHSIENSSVNVSLTAIANQATVLMGLGKGWPLSKMDIGVPLLAIGCYSQVNPITLTAALLLLVAHYAIIGPGLQAKATREAQKRAAAGIMKNPTVDGITVIDLDPIPYDPKFEKQLGQVMLLILCVTQVLMMRTTWALCEALTLATGPISTLWEGNPGRFWNTTIAVSMANIFRGSYLAGAGLLFSIMKNTTNTRRGTGNIGETLGEKWKSRLNALGKSEFQIYKKSGIQEVDRTLAKEGIKRGETDHHAVSRGSAKLRWFVERNMVTPEGKVVDLGCGRGGWSYYCGGLKNVREVKGLTKGGPGHEEPIPMSTYGWNLVRLQSGVDVFFIPPEKCDTLLCDIGESSPNPTVEAGRTLRVLNLVENWLNNNTQFCIKVLNPYMPSVIEKMEALQRKYGGALVRNPLSRNSTHEMYWVSNASGNIVSSVNMISRMLINRFTMRHKKATYEPDVDLGSGTRNIGIESEIPNLDIIGKRIEKIKQEHETSWHYDQDHPYKTWAYHGSYETKQTGSASSMVNGVVRLLTKPWDVLPTVTQMAMTDTTPFGQQRVFKEKVDTRTQEPKEGTKKLMKITAEWLWKELGKKKTPRMCTREEFTRKVRSNAALGAIFTDENKWKSAREAVEDSRFWELVDKERNLHLEGKCETCVYNMMGKREKKLGEFGKAKGSRAIWYMWLGARFLEFEALGFLNEDHWFSRENSLSGVEGEGLHKLGYILRDVSKKEGGAMYADDTAGWDTRITLEDLKNEEMVTNHMEGEHKKLAEAIFKLTYQNKVVRVQRPTPRGTVMDIISRRDQRGSGQVGTYGLNTFTNMEAQLIRQMEGEGVFKNIQHLTVTEEVAVQNWLARVGRERLSRMAISGDDCVVKPLDDRFANALTALNDMGKIRKDIQQWEPSKGWNDWTQVPFCSHHFHELIMKDGRVLVVPCRNQDELIGRARISQGAGWSLRETACLGKSYAQMWSLMYFHRRDLRLAANAICSAVPSHWVPTSRTTWSIHAKHEWMTTEDMLTVWNRVWIRENPWMEDKTPVESWEEIPYLGKREDQWCGSLIGLTSRATWAKNIQAAINQVRSLIGNEEYTDYMPSMKRFXREEEEAGVLW
I7B1K4,MRCIGISNRDFVEGVSGGSWVDIVLEHGSCVTTMAKNKPTLDFELIKTEAKQPATLRKYCIEAKLTNTTTESRCPTQGEPSLKEEQDKRFVCKHSMVDRGWGNGCGLFGKGGIVTCAMFTCKKNMEGKIVQPENLEYTIVVTPHSGEEHAVGNDTGKHGMEIKVTPQSSITEAELTGYGTVTMECSPRTGLDFNEMVLLQMENKAWLVHRQWFLDLPLPWLPGADKQESNWIQKETLVTFKNPHAKKQDVVVLGSQEGAMHTALTGATEIQLSSGNLLFTGHLKCRLRMDKLQLKGMSYSMCTGKFKVVKEIAETQHGTIVIRVQYEGDGSPCKIPFEIMDLEKRYVLGRLITVNPIVTEKDSPVNIEAEPPFGDSYIIIGVEPGQLKLNWFKKGSSIGQMFETTMRGAKRMAILGDTAWDFGSLGGVFTSIGKALHQVFGAIYGAAFSGVSWTMKILIGVIITWIGMNSRSTSLSVSLVLVGIVTLYLGVMVQA
K9LVE8,MNNQRKKARNTPFNMLKRERNRVSTVQQLTKRFSLGMLQGRGPLKLFMALVAFLRFLTIPPTTERNSAGILKRWGTIKKSKAINVLRGFRKEIGRMLNILNRRRRTAGVIIMLIPTAMAFHLTTRNGEPHMIVSKQEKGKSLLFKTEDGVNMCTLMAMDLGELCEDTITYNCPLLRQNEPEDIDCWCNATSTWVTYGTCTATGEHRREKRSVALVPHVGMGLETRTETWMSSEGAWKHAQRIETWILRHPGFTIMAAILAYTIGTTYFQRVLIFILLTAVAPSMTMRCIGISNRDFVEGVSGGSWVDIVLEHGSCVTTMAKNKPTLDFELIKTEAKQPATLRKYCIEAKLTNTTTASRCPTQGEPSLNEEQDKRFVCKHSMVDRGWGNGCGLFGKGGIVTCAMFTCKKNMEGKIVQPENLEYTIVVTPHSGEENAVGNDTGKHGKEIKVTPQSSITEAELTGYGTVTMECSPRTGLDFNEMVLLQMENKAWLVHRQWFLDLPLPWLPGADIQGSNWIQKETLVTFKNPHAKKQDVVVLGSQEGAMHTALTGATEIQMSSGNLLFTGHLKCRLRMDKLQLKGMSYSMCTGKFKVVKEIAETQHGTIVVRVQYEGDGSPCKIPFEIMDLEKRHVLGRLITVNPIVTEKNSPVNIEAEPPFGDSYIIIGVEPGQLKLSWFKKGSSIGQMFETTMRGAKRMAILGDTAWDFGSLGGVFTSIGKALHQVFGAIYGAAFSGVSWTMKILIGVVITWIGMNSRSTSLSVSLVLVGVVTLYLGVMVQADSGCVVSWKNKELNCG
K9LVF1,MNNQRKKARNTPFNMLKRERNRVSTVQQLTKRFSLGMLQGRGPLKLFMALVAFLRFLTIPPTAGILKRWGTIKKSKAINVLRGFRKEIGRMLNILNRRRRTAGVIIMLIPTAMAFHLTTRNGEPHMIVSKQEKGKSLLFKTEDGVNMCTLMAMDLGELCEDTITYNCPLLRQNEPEDIDCWCNATSTWVTYGTCTATGEHRREKRSVALVPHVGMGLETRTETWMSSEGAWKHAQRIETWILRHPGFTIMAAILAYTIGTTYFQRVLIFILLTAVAPSMTMRCIGISNRDFVEGVSGGSWVDIVLEHGSCVTTMAKNKPTLDFELIKTEAKQPATLRKYCIEAKLTNTTTASRCPTQGEPSLNEEQDKRFVCKHSMVDRGWGNGCGLFGKGGIVTCAMFTCKKNMEGKIVQPENLEYTIVVTPHSGEENAVGNDTGKHGKEIKVTPQSSITEAELTGYGTVTMECSPRTGLDFNEMVLLQMENKAWLVHRQWFLDLPLPWLPGADIQGSNWIQKETLVTFKNPHAKKQDVVVLGSQEGAMHTALTGATEIQMSSGNLLFTGHLKCRLRMDKLQLKGMSYSMCTGKFKVVKEIAETQHGTIVVRVQYEGDGSPCKIPFEIMDLEKRHVLGRLITVNPIVTEKDSPVNIEAEPPFGDSYIIIGVEPGQLKLSWFKKGSSIGQMFETTMRGAKRMAILGDTAWDFGSLGGVFTSIGKALHQVFGAIYGAAFSGVSWTMKILIGVVITWIGMNSRSTSLSVSLVLVGVVTLYLGVMVQADSGCVVSWKNKELKCG
K9LVF3,MNNQRKKARNTPFNMLKRERNRVSTVQQLTKRFSLGMLQGRGPLKLFMALVAFLRFLTIPPTAGILKRWGTIKKSKAINVLRGFRKEIGRMLNILNRRRRTAGVIIMLIPTAMAFHLTTRNGEPHMIVSKQEKGKSLLFKTEDGVNMCTLMAMDLGELCEDTITYNCPLLRQNEPEDIDCWCNATSTWVTYGTCTATGEHRREKRSVALVPHVGMGLETRTETWMSSEGAWKHAQRIETWILRHPGFTIMAAILAYTIGTTYFQRVLIFILLTAVAPSMTMRCIGISNRDFVEGVSGGSWVDIVLEHGSCVTTMAKNKPTLDFELIKTEAKQPATLRKYCIEAKLTNTTTASRCPTQGEPSLNEEQDKRFVCKHSMVDRGWGNGCGLFGKGGIVTCAMFTCKKNMEGKIVQPENLEYTIVVTPHSGEENAVGNDTGKHGKEIKVTPQSSITEAELTGYGTVTMECSPRTGLDFNEMVLLQMENKAWLVHRQWFLDLPLPWLPGADIQGSNWIQKETLVTFKNPHAKKQDVVVLGSQEGAMHTALTGATEIQMSSGNLLFTGHLKCRLRMDKLQLKGMSYSMCTGKFKVVKEIAETQHGTIVVRVQYEGDGSPCKIPFEIMDLEKRHVLGRLITVNPIVTEKDSPVNIEAEPPFGDSYIIIGVEPGQLKLSWFKKGSSIGQMFETTMRGAKRMAILGDTAWDFGSLGGVFTSIGKALHQVFGAIYGAAFSGVSWTMKILIGVVITWIGMNSRSTSLSVSLVLVGVVTLYLGVMVQADSGCVVSWKNKELKCG
K9LVS2,MNNQRKKARNTPFNMLKRERNRVSTVQQLTKRFSLGMLQGRGPLKLFMALVAFLRFLTIPPTAGILKRWGTIKKSKAINVLRGFRKEIGRMLNILNRRRRTAGVIIMLIPTAMAFHLTTRNGEPHMIVSKQEKGKSLLFKTEDGVNMCTLMAMDLGELCEDTITYNCPLLRQNEPEDIDCWCNATSTWVTYGTCTATGEHRREKRSVALVPHVGMGLETRTETWMSSEGAWKHAQRIETWILRHPGFTIMAAILAYTIGTTYFQRVLIFILLTAVAPSMTMRCIGISNRDFVEGVSGGSWVDIVLEHGSCVTTMAKNKPTLDFELIKTEAKQPATLRKYCIEAKLTNTTTASRCPTQGEPSLNEEQDKRFVCKHSMVDRGWGNGCGLFGKGGIVTCAMFTCKKNMEGKIVQPENLEYTIVVTPHSGEENAVGNDTGKHGKEIKVTPQSSITEAELTGYGTVTMECSPRTGLDFNEMVLLQMENKAWLVHRQWFLDLPLPWLPGADIQGSNWIQKETLVTFKNPHAKKQDVVVLGSQEGAMHTALTGATEIQMSSGNLLFTGHLKCRLRMDKLQLKGMSYSMCTGKFKVIKEIAETQHGTIVVRVQYEGDGSPCKIPFEIMDLEKRHVLGRLITVNPIVTEKDSPVNIEAEPPFGDSYIIIGVEPGQLKLSWFKKGSSIGQMFETTMRGAKRMAILGDTAWDFGSLGGVFTSIGKALHQVFGAIYGAAFSGVSWTMKILIGVVITWIGMNSRSTSLSVSLVLVGVVTLYLGVMVQADSGCVVSWKNKELKCG
K9LW15,MNNQRKKARNTPFNMLKRERNRVSTVQQLTKRFSLGMLQGRGPLKLFMALVAFLRFLTIPPTATERNSGILKRWGTIKKSKAINVLRGFRKEIGRMLNILNRRRRTAGVIIMLIPTAMAFHLTTRNGEPHMIVSKQEKGKSLLFKTEDGVNMCTLMAMDLGELCEDTITYNCPLLRQNEPEDIDCWCNATSTWVTYGTCTATGEHRREKRSVALVPHVGMGLETRTETWMSSEGAWKHAQRIETWILRHPGFTIMAAILAYTIGTTYFQRVLIFILLTAVAPSMTMRCIGISNRDFVEGVSGGSWVDIVLEHGSCVTTMAKNKPTLDFELIKTEAKQPATLRKYCIEAKLTNTTTASRCPTQGEPSLNEEQDKRFVCKHSMVDRGWGNGCGLFGKGGIVTCAMFTCKKNMEGKIVQPENLEYTIVVTPHSGEENAVGNDTGKHGKEIKVTPQSSITEAELTGYGTVTMECSPRTGLDFNEMVLLQMENKAWLVHRQWFLDLPLPWLPGADIQGSNWIQKETLVTFKNPHAKKQDVVVLGSQEGAMHTALTGATEIQMSSGNLLFTGHLKCRLRMDKLQLKGMSYSMCTGKFKVVKEIAETQHGTIVVRVQYEGDGSPCKIPFEIMDLEKRHVLGRLITVNPIVTEKDSPVNIEAEPPFGDSYIIIGVEPGQLKLSWFKKGSSIGQMFETTMRGAKRMAILGDTAWDFGSLGGVFTSIGKALHQVFGAIYGAAFSGVSWTMKILIGVVITWIGMNSRSTSLSVSLVLVGVVTLYLGVMVQADSGCVVSWKNKELKCG
K9LWU5,MNNQRKKARNTPFNMLKRERNRVSTVQQLTKRFSLGMLQGRGPLKLFMALVAFLRFLTIPPTAGILKRWGTIKKSKAINVLRGFRKEIGRMLNILNRRRRTAGVIIMLIPTAMAFHLTTRNGEPHMIVSKQEKGKSLLFKTEDGVNMCTLMAMDLGELCEDTITYNCPLLRQNEPEDIDCWCNATSTWVTYGTCTATGEHRREKRSVALVPHVGMGLETRTETWMSSEGAWKHAQRIETWILRHPGFTIMAAILAYTIGTTYFQRVLIFILLTAVAPSMTMRCIGISNRDFVEGVSGGSWVDIVLEHGSCVTTMAKNKPTLDFELIKTEAKQPATLRKYCIEAKLTNTTTASRCPTQGEPSLNEEQDKRFVCKHSMVDRGWGNGCGLFGKGGIVTCAMFTCKKNMEGKIVQPENLEYTIVVTPHSGEENAVGNDTGKHGKEIKVTPQSSITEAELTGYGTVTMECSPRTGLDFNEMVLLQMENKAWLVHRQWFLDLPLPWLPGADIQGSNWIQKEMLVTFKNPHAKKQDVVVLGSQEGAMHTALTGATEIQMSSGNLLFTGHLKCRLRMDKLQLKGMSYSMCTGKFKVVKEIAETQHGTIVVRVQYEGDGSPCKIPFEIMDLEKRHVLGRLITVNPIVTGKDSPVNIEAEPPFGDSYIIIGVEPGQLKLSWFKKGSSIGQMFETTMRGAKRMAILGDTAWDFGSLGGVFTSIGKALHQVFGAIYGAAFSGVSWTMKILIGVVITWIGMNSRSTSLSVSLVLVGVVTLYLGVMVQADSGCVVSWKNKELKCG
K9LWV0,MNNQRKKARNTPFNMLKRERNRVSTVQQLTKRFSLGMLQGRGPLKLFMALVAFLRFLTIPPTAGILKRWGTIKKSKAINVLRGFRKEIGRMLNILNRRRRTAGVIIMLIPTAMAFHLTTRNGEPHMIVSKQEKGKSLLFKTEDGVNMCTLMAMDLGELCEDTITYNCPLLRQNEPEDIDCWCNATSTWVTYGTCTATGEHRREKRSVALVPHVGMGLETRTETWMSSEGAWKHAQRIETWILRHPGFTIMAAILAYTIGTTYFQRVLIFILLTAVAPSMTMRCIGISNRDFVEGVSGGSWVDIVLEHGSCVTTMAKNKPTLDFELIKTEAKQPANLRKYCIEAKLTNTTTASRCPTQGEPSLNEEQDKRFVCKHSMVDRGWGNGCGLFGKGGIVTCAMFTCKKNMEGKIVQPENLEYTIVVTPHSGEENAVGNDTGKHGKEIKVTPQSSITEAELTGYGTVTMECSPRTGLDFNEMVLLQMENKAWLVHRQWFLDLPLPWLPGADIQGSNWIQKETLVTFKNPHAKKQDVVVLGSQEGAMHTALTGATEIQMSSGNLLFTGHLKCRLRMDKLQLKGMSYSMCTGKFKVVKEIAETQHGTIVVRVQYEGDGSPCKIPFEIMDLEKRHVLGRLITVNPIVTEKDSPVNIEAEPPFGDSYIIIGVEPGQLKLSWFKKGSSIGQMFETTMRGAKRMAILGDTAWDFGSLGGVFTSIGKALHQVFGAIYGAAFSGVSWTMKILIGVVITWIGMNSRSTSLSVSLVLVGVVTLYLGVMVQADSGCVVSWKNKELKCG
K9LWV5,MNNQRKKARNTPFNMLKRERNRVSTVQQLTKRFSLGMLQGRGPLKLFMALVAFLRFLTIPPTAGILKRWGTIKKSKAINVLRGFRKEIGRMLNILNRRRRTAGVIIMLIPTAMAFHLTTRNGEPHMIVSKQEKGKSLLFKTEDGVNMCTLMAMDLGELCEDTITYNCPLLRQNEPEDIDCWCNATSTWVTYGTCTATGEHRREKRSVALVPHVGMGLETRTETWMSSEGAWKHAQRIETWILRHPGFTIMAAILAYTIGTTYFQRVLIFILLTAVAPSMTMRCIGISNRDFVEGVSGGSWVDIVLEHGSCVTTMAKNKPTLDFELIKTEAKQPATLRKYCIEAKLTNTTTASRCPTQGEPSLNEEQDKRFVCKHSMVDRGWGNGCGLFGKGGIVTCAMFTCKKNMEGKIVQPENLEYTIVVTPHSGEENAVGNDTGKHGKEIKVTPQSSITEAELTGYGTVTMECSPRTGLDFNEMVLLQMENKAWLVHRQWFLDLPLPWLPGADIQGSNWIQKETLVTFKNPHAKKQDVVVLGSQEGAMHTALTGATEIQMSSGNLLFTGHLKCRLRMDKLQLKGMSYSMCTGKFKVVKEIAETQHGTIVVRVQYEGDGSPCKIPFEIMDLEKRHVLGRLITVNPIVTEKDSPVNIEAEPPFGDSYIIIGVEPGQLKLSWFKKGSSIGQMFETTMRGAKRMAILGDTAWDFGSLGGVFTSIGKALHQVFGAIYGAAFSGVSWTMKILIGVVITWIGMNSRSTSLSVSLVLVGVVTLYLGVMVQADSGCVVSWKNKELKCG
K9LY25,MNNQRKKARNTPFNMLKRERNRVSTVQQLTKRFSLGMLQGRGPLKLFMALVAFLRFLTIPPTAGILKRWGTIKKSKAINVLRGFRKEIGRMLNILNRRRRTAGVIIMLIPTAMAFHLTTRNGEPHMIVSKQEKGKSLLFKTEDGVNMCTLMAMDLGELCEDTITYNCPLLRQNEPEDIDCWCNATSTWVTYGTCTATGEHRREKRSVALVPHVGMGLETRTETWMSSEGAWKHAQRIETWILRHPGFTIMAAILAYTIGTTYFQRVLIFILLTAVAPSMTMRCIGISNRDFVEGISGGSWVDIVLEHGSCVTTMAKNKPTLDFELIKTEAKQPATLRKYCIEAKLTNTTTASRCPTQGEPSLNEEQDKRFVCKHSMVDRGWGNGCGLFGKGGIVTCAMFTCKKNMEGKIVQPENLEYTIVVTPHSGEENAVGNDTGKHGKEIKVTPQSSITEAELTGYGTVTMECSPRTGLDFNEMVLLQMENKAWLVHRQWFLDLPLPWLPGADIQGSNWIQKETLVTFKNPHAKKQDVVVLGSQEGAMHTALTGATEIQMSSGNLLFTGHLKCRLRMDKLQLKGMSYSMCTGKFKVVKEIAETQHGTIVVRVQYEGDGSPCKIPFEIMDLEKRHVLGRLITVNPIVTGKDSPVNIEAEPPYGDSYIIIGVEPGQLKLSWFKKGSSIGQMFETTMRGAKRMAILGDTAWDFGSLGGVFTSIGKALHQVFGAIYGAAFSGVSWTMKILIGVVITWIGMNSRSTSLSVSLVLVGVVTLYLGVMVQADSGCVVSWKNKELKCG
W0LLB2,EEREIPERSWNSGHEWVTDFKGKTVWFVPSIKAGNDIAACLRKNGKKVIQLSRKTFDSEYVKTRTNDWDFVVTTDISEMGANFKAERVIDPRRCMKPVILTDGEERVILAGPMPVTHSSAAQRRGRIGRNPKNENDQYIYMGEPLENDEDCAHWKEAKMLLDNINTPEGIIPSMFEPEREKVDAIDGEYRLRGEARKTFVDLMRRGDLPVWLAYKVAAEGINYADRRWCFDGIKNNQILEENVEVEIWTKEGERKKLKPRWLDARIYSDPLALKEFKEFAAGRKSLTLNLITEMGRLPTFMTQKTRDALDNLAVLHTAEAGGRAYNHALSELPETLETLLLLTLLATVTGGIFLFLMSGRGIGKMTLGMCCIITASILLWYAQIQPHWIAASIILEFFLIVLLIPEPEKQRTPQDNQLTYVVIAILTVVAATMANEMGFLEKTKKDLGLGSIATQQPESNILDIDLRPASAWTLYAVATTFVTPMLRHSIENSSVNVSLTAIANQATVLMGLGKGWPLSKMDIGVPLLAIGCYSQVNPITLTAALLLLVAHYAIIGPGLQAKATREAQKRAAAGIMKNPTVDGITVIDLDPIPYDPKFEKQLGQVMLLILCVTQVLMMRTTWALCEALTLATGPISTLWEGNPGRFWNTTIAVSMANIFRGSYXXXXXXXXXXXXXXXXXXXXXXXXXXXLGEKWKSRLNALGKSEFQIYKKSGIQEVDRTLAKEGIKRGETDHHAVSRGSAKLRWFVERNMVTPEGKVVDLGCGRGGWSYYCGGLKNVREVKGLTKGGPGHEEPIPMSTYGWNLVRLQSGVDVFFIPPEKCDTLLCDIGESSPNPTVEAGRTLRVLNLVENWLNNNTQFCIKVLNPYMPSVIEKMEALQRKYGGALVRNPLSRNSTHEMYWVSNASGNIVSSVNMISRMLINRFTMRHKKATYEPDVDLGSGTRNIGIESETPNLDIIGKRIEKIKEEHETSWHYDQDHPYKTWAYHGSYETKQTGSASSMVNGVVRLLTKPWDVLPTVTQMAMTDTTPFGQQRVFKEKVDTRTQEPKEGTKKLMKITAEWLWKELGKKKTPRMCTREEFTRKVRSNAALGAIFTDENKWKSAREAVEDSRFWELVDKERNLHLEGKCETCVYNMMGKREKKLGEFGKAKGSRAIWYMWLGARFLEFEALGFLNEDHWFSRENSLSGVEGEGLHKLGYILRDVSKKEGGAMYADDTAGWDTRITLEDLKNEEMVTNHMEGEHKKLAEAIFKLTYQNKVVRVQRPTPRGTVMDIISRRDQRGSGQVGTYGLNTFTNMEAQLIRQMEGEGVFKNIQHLTVTEEAAVQNWLARVGRERLSRMAISGDDCVVKPLDDRFANALTALNDMGKIRKDIQQWEPSKGWNDWTQVPFCSHHFHELIMKDGRVLVVPCRNQDELIGRARISQGAGWSLRETACLGKSYAQMWSLMYFHRRDLRLAANAICSAVPSHWVPTSRTTWSIHAKHEWMTTEDMLTVWNRVWIRENPWMEDKTPVESWEEIPYLGKREDQWCGSLIGLTSRATWAKNIQAAINQVRSLIGNEEYTDYMPSMKRFRREEEEAGVLW
A0T4E5,DNLAVLHTAEAGGRAYNHALSELPETLETLLLLTLLATVTGGIFLFLMSGRGIGKMTLGMCCIITASILLWYAQIQPHWIAASIILEFFLIVLLIPEPEKQRTPQDNQLTYVVIAILTVVAATMANEMGFLEKTKKDLGLGSITTQQPESNILDIDLRPASAWTLYAVATTFVTPMLRHSIENSSVNVSLTAIANQATVLMGLGKGWPLSKMDIGVPLLAIGCYSQVNPITLTAALFLLVAHYAIIGPGLQAKATREAQKRAAAGIMKNPTVGRITVIDLDPIPYDPKFEKQLGQVMLLVLCVTQVLMMRTTWALCEALTLATGPISTLWEGNPGRFWNTTIAVSMANIFRGSYLAGAGLLFSIMKNTTNTRRGTGNIGETLGEKWKSRLNALGKSEFQIYKKSGIQEVDRTLAKEGIKRGETDHHAVSRGSAKLRWFVERNMVTPEGKVVDLGCGRGGWSYYCGGLKNVREVKGLTKGGPGHEEPIPMSTYGWNLVRLQSGVDVFFTPPEKCDTLLCDIGESSPNPTVEAGRTLRVLNLVENWLNNNTQFCIKVLNPYMPSVIEKMEALQRKYGGALVRNPLSRNSTHEMYWVSNASGNIVSSVNMISRMLINRFTMRHKKATYEPDVDLGSGTRNIGIESE
D4QFF9,AERVIDPRRCMKPXILTDGEERVILAGPMPVTHSSAAQRRGRIGRNPKNENDQYIYMGEPLENDEDCAHWKEAKMLLDNINTPEGIIPSMFEPEREKVDAIDGEYRLRGEARKTFVDLMRRGDLPVWLAYKVAAEGINYADRRWCFDGIKNNQILEENVEVEIWTKEGERKKLKPRWLDARIYSDPLALKEFKEFAAGRKSLTLNLITEMGRLPTFMTQKTRDALDNLAVLHTAEAGGRAYNHALSELPETLETLLLLTLLATVTGGIFLFLMSGRGIGKMTLGMCCIITASILLWYAQIQPHWIAASIILEFFLIVLLIPEPEKQRTPQDNQLTYVVIAILTVVAATMANEMGFLEKTKKDLGLGSIATQQPESNILDIDLRPASAWTLYAVATTFVTPMLRHSIENSSVNVSLTAIANQATVLMGLGKGWPLSKMDIGVPLLAIGCYSQVNPITLTAALLLLVAHYAIIGPGLQAKATREAQKRAAAGIMKNPTVDGITVIDLDPIPYDPKFEKQLGQVMLLILCVTQVLMMRTTWALCEALTLATGPISTLWEGNPGRFWNTTIAVSMANIFRGSYLAGAGLLFSIMKNTTNTRRGTGNIGETLGEKWKSRLNALGKSEFQIYKKSGIQEVDRTLAKEGIKRGETDHHAVSRGSAKLRWFVERNMVTPEGKVVDLGCGRGGWSYYCGGLKNVREVKGLTKGGPGHEEPIPMSTYGWNLVRLQSGVDVFFIPPEKCDTLLCDIGESSPNPTVEAGRTLRVLNLVENWLNNNTQFCIKVLNPYMPSVIEKMEALQRKYGGALVRNPLSRNSTHEMYWVSNASGNIVSSVNMISRMLINRFTMRHKKATYEPDVDLGSGTRNIGIESEIPNLDIIGKRIEKIKQEHETSWHYDQDHPYKTWAYHGSYETKQTGSASSMVNGVVRLLTKPWDVLPTVTQMAMTDTTPFGQQRVFKEKVDTRTQEPKEGTKKLMKITAEWLWKELGKKKTPRMCTREEFTRKVRSNAALGAIFTDENKWKSAREAVEDSRFWELVDKERNLHLEGKCETCVYNMMGKREKKLGEFGKAKGSRAIWYMWLGARFLEFEALGFLNEDHWFSRENSLSGVEGEGLHKLGYILRDVSKKEGGAMYADDTAGWDTRITLEDLKNEEMVTNHMEGEHKKLAEAIFKLTYQNKVVRVQRPTPRGTVMDIISRRDQRGSGQVGTYGLNTFTNMEAQLIRQMEGEGVFKNIQHLTVTEEVAVQNWLARVGRERLSRMAISGDDCVVKPLDDRFANALTALNDMGKIRKDIQQWEPSKGWNDWTQVPFCSHHFHELIMKDGRVLVVPCRNQDELIGRARISQGAGWSLRETACLGKSYAQMWSLMYFHRRDLRLAANAICSAVPSHWVPTSRTTWSIHAKHEWMTTEDMLTVWNRVWIRENPWMEDKTPVESWEEIPYLGKREDQWCGSLIGLTSRATWAKNIQAAINQVRSLIGNEEYTDYMPSMKRFXREEEEAGVLW
D4QFG0,AERVIDPRRCMKPXILTDGEERVILAGPMPVTHSSAAQRRGRIGRNPKNENDQYIYMGEPLENDEDCAHWKEAKMLLDNINTPEGIIPSMFEPEREKVDAIDGEYRLRGEARKTFVDLMRRGDLPVWLAYKVAAEGINYADRRWCFDGIKNNQILEENVEVEIWTKEGERKKLKPRWLDARIYSDPLALKEFKEFAAGRKSLTLNLITEMGRLPTFMTQKTRDALDNLAVLHTAEAGGRAYNHALSELPETLETLLLLTLLATVTGGIFLFLMSGRGIGKMTLGMCCIITASILLWYAQIQPHWIAASIILEFFLIVLLIPEPEKQRTPQDNQLTYVVIAILTVVAATMANEMGFLEKTKKDLGLGSIATQQPESNILDIDLRPASAWTLYAVATTFVTPMLRHSIENSSVNVSLTAIANQATVLMGLGKGWPLSKMDIGVPLLAIGCYSQVNPITLTAALLLLVAHYAIIGPGLQAKATREAQKRAAAGIMKNPTVDGITVIDLDPIPYDPKFEKQLGQVMLLILCVTQVLMMRTTWALCEALTLATGPISTLWEGNPGRFWNTTIAVSMANIFRGSYLAGAGLLFSIMKNTTNTRRGTGNIGETLGEKWKSRLNALGKSEFQIYKKSGIQEVDRTLAKEGIKRGETDHHAVSRGSAKLRWFVERNMVTPEGKVVDLGCGRGGWSYYCGGLKNVREVKGLTKGGPGHEEPIPMSTYGWNLVRLQSGVDVFFIPPEKCDTLLCDIGESSPNPTVEAGRTLRVLNLVENWLNNNTQFCIKVLNPYMPSVIEKMEALQRKYGGALVRNPLSRNSTHEMYWVSNASGNIVSSVNMISRMLINRFTMRHKKATYEPDVDLGSGTRNIGIESEIPNLDIIGKRIEKIKQEHETSWHYDQDHPYKTWAYHGSYETKQTGSASSMVNGVVRLLTKPWDVLPTVTQMAMTDTTPFGQQRVFKEKVDTRTQEPKEGTKKLMKITAEWLWKELGKKKTPRMCTREEFTRKVRSNAALGAIFTDENKWKSAREAVEDSRFWELVDKERNLHLEGKCETCVYNMMGKREKKLGEFGKAKGSRAIWYMWLGARFLEFEALGFLNEDHWFSRENSLSGVEGEGLHKLGYILRDVSKKEGGAMYADDTAGWDTRITLEDLKNEEMVTNHMEGEHKKLAEAIFKLTYQNKVVRVQRPTPRGTVMDIISRRDQRGSGQVGTYGLNTFTNMEAQLIRQMEGEGVFKNIQHLTVTEEVAVQNWLARVGRERLSRMAISGDDCVVKPLDDRFANALTALNDMGKIRKDIQQWEPSKGWNDWTQVPFCSHHFHELIMKDGRVLVVPCRNQDELIGRARISQGAGWSLRETACLGKSYAQMWSLMYFHRRDLRLAANAICSAVPSHWVPTSRTTWSIHAKHEWMTTEDMLTVWNRVWIRENPWMEDKTPVESWEEIPYLGKREDQWCGSLIGLTSRATWAKNIQAAINQVRSLIGNEEYTDYMPSMKRFXREEEEAGVLW
W0LLB2,EEREIPERSWNSGHEWVTDFKGKTVWFVPSIKAGNDIAACLRKNGKKVIQLSRKTFDSEYVKTRTNDWDFVVTTDISEMGANFKAERVIDPRRCMKPVILTDGEERVILAGPMPVTHSSAAQRRGRIGRNPKNENDQYIYMGEPLENDEDCAHWKEAKMLLDNINTPEGIIPSMFEPEREKVDAIDGEYRLRGEARKTFVDLMRRGDLPVWLAYKVAAEGINYADRRWCFDGIKNNQILEENVEVEIWTKEGERKKLKPRWLDARIYSDPLALKEFKEFAAGRKSLTLNLITEMGRLPTFMTQKTRDALDNLAVLHTAEAGGRAYNHALSELPETLETLLLLTLLATVTGGIFLFLMSGRGIGKMTLGMCCIITASILLWYAQIQPHWIAASIILEFFLIVLLIPEPEKQRTPQDNQLTYVVIAILTVVAATMANEMGFLEKTKKDLGLGSIATQQPESNILDIDLRPASAWTLYAVATTFVTPMLRHSIENSSVNVSLTAIANQATVLMGLGKGWPLSKMDIGVPLLAIGCYSQVNPITLTAALLLLVAHYAIIGPGLQAKATREAQKRAAAGIMKNPTVDGITVIDLDPIPYDPKFEKQLGQVMLLILCVTQVLMMRTTWALCEALTLATGPISTLWEGNPGRFWNTTIAVSMANIFRGSYXXXXXXXXXXXXXXXXXXXXXXXXXXXLGEKWKSRLNALGKSEFQIYKKSGIQEVDRTLAKEGIKRGETDHHAVSRGSAKLRWFVERNMVTPEGKVVDLGCGRGGWSYYCGGLKNVREVKGLTKGGPGHEEPIPMSTYGWNLVRLQSGVDVFFIPPEKCDTLLCDIGESSPNPTVEAGRTLRVLNLVENWLNNNTQFCIKVLNPYMPSVIEKMEALQRKYGGALVRNPLSRNSTHEMYWVSNASGNIVSSVNMISRMLINRFTMRHKKATYEPDVDLGSGTRNIGIESETPNLDIIGKRIEKIKEEHETSWHYDQDHPYKTWAYHGSYETKQTGSASSMVNGVVRLLTKPWDVLPTVTQMAMTDTTPFGQQRVFKEKVDTRTQEPKEGTKKLMKITAEWLWKELGKKKTPRMCTREEFTRKVRSNAALGAIFTDENKWKSAREAVEDSRFWELVDKERNLHLEGKCETCVYNMMGKREKKLGEFGKAKGSRAIWYMWLGARFLEFEALGFLNEDHWFSRENSLSGVEGEGLHKLGYILRDVSKKEGGAMYADDTAGWDTRITLEDLKNEEMVTNHMEGEHKKLAEAIFKLTYQNKVVRVQRPTPRGTVMDIISRRDQRGSGQVGTYGLNTFTNMEAQLIRQMEGEGVFKNIQHLTVTEEAAVQNWLARVGRERLSRMAISGDDCVVKPLDDRFANALTALNDMGKIRKDIQQWEPSKGWNDWTQVPFCSHHFHELIMKDGRVLVVPCRNQDELIGRARISQGAGWSLRETACLGKSYAQMWSLMYFHRRDLRLAANAICSAVPSHWVPTSRTTWSIHAKHEWMTTEDMLTVWNRVWIRENPWMEDKTPVESWEEIPYLGKREDQWCGSLIGLTSRATWAKNIQAAINQVRSLIGNEEYTDYMPSMKRFRREEEEAGVLW
A0T4E5,DNLAVLHTAEAGGRAYNHALSELPETLETLLLLTLLATVTGGIFLFLMSGRGIGKMTLGMCCIITASILLWYAQIQPHWIAASIILEFFLIVLLIPEPEKQRTPQDNQLTYVVIAILTVVAATMANEMGFLEKTKKDLGLGSITTQQPESNILDIDLRPASAWTLYAVATTFVTPMLRHSIENSSVNVSLTAIANQATVLMGLGKGWPLSKMDIGVPLLAIGCYSQVNPITLTAALFLLVAHYAIIGPGLQAKATREAQKRAAAGIMKNPTVGRITVIDLDPIPYDPKFEKQLGQVMLLVLCVTQVLMMRTTWALCEALTLATGPISTLWEGNPGRFWNTTIAVSMANIFRGSYLAGAGLLFSIMKNTTNTRRGTGNIGETLGEKWKSRLNALGKSEFQIYKKSGIQEVDRTLAKEGIKRGETDHHAVSRGSAKLRWFVERNMVTPEGKVVDLGCGRGGWSYYCGGLKNVREVKGLTKGGPGHEEPIPMSTYGWNLVRLQSGVDVFFTPPEKCDTLLCDIGESSPNPTVEAGRTLRVLNLVENWLNNNTQFCIKVLNPYMPSVIEKMEALQRKYGGALVRNPLSRNSTHEMYWVSNASGNIVSSVNMISRMLINRFTMRHKKATYEPDVDLGSGTRNIGIESE
D4QFF9,AERVIDPRRCMKPXILTDGEERVILAGPMPVTHSSAAQRRGRIGRNPKNENDQYIYMGEPLENDEDCAHWKEAKMLLDNINTPEGIIPSMFEPEREKVDAIDGEYRLRGEARKTFVDLMRRGDLPVWLAYKVAAEGINYADRRWCFDGIKNNQILEENVEVEIWTKEGERKKLKPRWLDARIYSDPLALKEFKEFAAGRKSLTLNLITEMGRLPTFMTQKTRDALDNLAVLHTAEAGGRAYNHALSELPETLETLLLLTLLATVTGGIFLFLMSGRGIGKMTLGMCCIITASILLWYAQIQPHWIAASIILEFFLIVLLIPEPEKQRTPQDNQLTYVVIAILTVVAATMANEMGFLEKTKKDLGLGSIATQQPESNILDIDLRPASAWTLYAVATTFVTPMLRHSIENSSVNVSLTAIANQATVLMGLGKGWPLSKMDIGVPLLAIGCYSQVNPITLTAALLLLVAHYAIIGPGLQAKATREAQKRAAAGIMKNPTVDGITVIDLDPIPYDPKFEKQLGQVMLLILCVTQVLMMRTTWALCEALTLATGPISTLWEGNPGRFWNTTIAVSMANIFRGSYLAGAGLLFSIMKNTTNTRRGTGNIGETLGEKWKSRLNALGKSEFQIYKKSGIQEVDRTLAKEGIKRGETDHHAVSRGSAKLRWFVERNMVTPEGKVVDLGCGRGGWSYYCGGLKNVREVKGLTKGGPGHEEPIPMSTYGWNLVRLQSGVDVFFIPPEKCDTLLCDIGESSPNPTVEAGRTLRVLNLVENWLNNNTQFCIKVLNPYMPSVIEKMEALQRKYGGALVRNPLSRNSTHEMYWVSNASGNIVSSVNMISRMLINRFTMRHKKATYEPDVDLGSGTRNIGIESEIPNLDIIGKRIEKIKQEHETSWHYDQDHPYKTWAYHGSYETKQTGSASSMVNGVVRLLTKPWDVLPTVTQMAMTDTTPFGQQRVFKEKVDTRTQEPKEGTKKLMKITAEWLWKELGKKKTPRMCTREEFTRKVRSNAALGAIFTDENKWKSAREAVEDSRFWELVDKERNLHLEGKCETCVYNMMGKREKKLGEFGKAKGSRAIWYMWLGARFLEFEALGFLNEDHWFSRENSLSGVEGEGLHKLGYILRDVSKKEGGAMYADDTAGWDTRITLEDLKNEEMVTNHMEGEHKKLAEAIFKLTYQNKVVRVQRPTPRGTVMDIISRRDQRGSGQVGTYGLNTFTNMEAQLIRQMEGEGVFKNIQHLTVTEEVAVQNWLARVGRERLSRMAISGDDCVVKPLDDRFANALTALNDMGKIRKDIQQWEPSKGWNDWTQVPFCSHHFHELIMKDGRVLVVPCRNQDELIGRARISQGAGWSLRETACLGKSYAQMWSLMYFHRRDLRLAANAICSAVPSHWVPTSRTTWSIHAKHEWMTTEDMLTVWNRVWIRENPWMEDKTPVESWEEIPYLGKREDQWCGSLIGLTSRATWAKNIQAAINQVRSLIGNEEYTDYMPSMKRFXREEEEAGVLW
D4QFG0,AERVIDPRRCMKPXILTDGEERVILAGPMPVTHSSAAQRRGRIGRNPKNENDQYIYMGEPLENDEDCAHWKEAKMLLDNINTPEGIIPSMFEPEREKVDAIDGEYRLRGEARKTFVDLMRRGDLPVWLAYKVAAEGINYADRRWCFDGIKNNQILEENVEVEIWTKEGERKKLKPRWLDARIYSDPLALKEFKEFAAGRKSLTLNLITEMGRLPTFMTQKTRDALDNLAVLHTAEAGGRAYNHALSELPETLETLLLLTLLATVTGGIFLFLMSGRGIGKMTLGMCCIITASILLWYAQIQPHWIAASIILEFFLIVLLIPEPEKQRTPQDNQLTYVVIAILTVVAATMANEMGFLEKTKKDLGLGSIATQQPESNILDIDLRPASAWTLYAVATTFVTPMLRHSIENSSVNVSLTAIANQATVLMGLGKGWPLSKMDIGVPLLAIGCYSQVNPITLTAALLLLVAHYAIIGPGLQAKATREAQKRAAAGIMKNPTVDGITVIDLDPIPYDPKFEKQLGQVMLLILCVTQVLMMRTTWALCEALTLATGPISTLWEGNPGRFWNTTIAVSMANIFRGSYLAGAGLLFSIMKNTTNTRRGTGNIGETLGEKWKSRLNALGKSEFQIYKKSGIQEVDRTLAKEGIKRGETDHHAVSRGSAKLRWFVERNMVTPEGKVVDLGCGRGGWSYYCGGLKNVREVKGLTKGGPGHEEPIPMSTYGWNLVRLQSGVDVFFIPPEKCDTLLCDIGESSPNPTVEAGRTLRVLNLVENWLNNNTQFCIKVLNPYMPSVIEKMEALQRKYGGALVRNPLSRNSTHEMYWVSNASGNIVSSVNMISRMLINRFTMRHKKATYEPDVDLGSGTRNIGIESEIPNLDIIGKRIEKIKQEHETSWHYDQDHPYKTWAYHGSYETKQTGSASSMVNGVVRLLTKPWDVLPTVTQMAMTDTTPFGQQRVFKEKVDTRTQEPKEGTKKLMKITAEWLWKELGKKKTPRMCTREEFTRKVRSNAALGAIFTDENKWKSAREAVEDSRFWELVDKERNLHLEGKCETCVYNMMGKREKKLGEFGKAKGSRAIWYMWLGARFLEFEALGFLNEDHWFSRENSLSGVEGEGLHKLGYILRDVSKKEGGAMYADDTAGWDTRITLEDLKNEEMVTNHMEGEHKKLAEAIFKLTYQNKVVRVQRPTPRGTVMDIISRRDQRGSGQVGTYGLNTFTNMEAQLIRQMEGEGVFKNIQHLTVTEEVAVQNWLARVGRERLSRMAISGDDCVVKPLDDRFANALTALNDMGKIRKDIQQWEPSKGWNDWTQVPFCSHHFHELIMKDGRVLVVPCRNQDELIGRARISQGAGWSLRETACLGKSYAQMWSLMYFHRRDLRLAANAICSAVPSHWVPTSRTTWSIHAKHEWMTTEDMLTVWNRVWIRENPWMEDKTPVESWEEIPYLGKREDQWCGSLIGLTSRATWAKNIQAAINQVRSLIGNEEYTDYMPSMKRFXREEEEAGVLW
W0LLB2,EEREIPERSWNSGHEWVTDFKGKTVWFVPSIKAGNDIAACLRKNGKKVIQLSRKTFDSEYVKTRTNDWDFVVTTDISEMGANFKAERVIDPRRCMKPVILTDGEERVILAGPMPVTHSSAAQRRGRIGRNPKNENDQYIYMGEPLENDEDCAHWKEAKMLLDNINTPEGIIPSMFEPEREKVDAIDGEYRLRGEARKTFVDLMRRGDLPVWLAYKVAAEGINYADRRWCFDGIKNNQILEENVEVEIWTKEGERKKLKPRWLDARIYSDPLALKEFKEFAAGRKSLTLNLITEMGRLPTFMTQKTRDALDNLAVLHTAEAGGRAYNHALSELPETLETLLLLTLLATVTGGIFLFLMSGRGIGKMTLGMCCIITASILLWYAQIQPHWIAASIILEFFLIVLLIPEPEKQRTPQDNQLTYVVIAILTVVAATMANEMGFLEKTKKDLGLGSIATQQPESNILDIDLRPASAWTLYAVATTFVTPMLRHSIENSSVNVSLTAIANQATVLMGLGKGWPLSKMDIGVPLLAIGCYSQVNPITLTAALLLLVAHYAIIGPGLQAKATREAQKRAAAGIMKNPTVDGITVIDLDPIPYDPKFEKQLGQVMLLILCVTQVLMMRTTWALCEALTLATGPISTLWEGNPGRFWNTTIAVSMANIFRGSYXXXXXXXXXXXXXXXXXXXXXXXXXXXLGEKWKSRLNALGKSEFQIYKKSGIQEVDRTLAKEGIKRGETDHHAVSRGSAKLRWFVERNMVTPEGKVVDLGCGRGGWSYYCGGLKNVREVKGLTKGGPGHEEPIPMSTYGWNLVRLQSGVDVFFIPPEKCDTLLCDIGESSPNPTVEAGRTLRVLNLVENWLNNNTQFCIKVLNPYMPSVIEKMEALQRKYGGALVRNPLSRNSTHEMYWVSNASGNIVSSVNMISRMLINRFTMRHKKATYEPDVDLGSGTRNIGIESETPNLDIIGKRIEKIKEEHETSWHYDQDHPYKTWAYHGSYETKQTGSASSMVNGVVRLLTKPWDVLPTVTQMAMTDTTPFGQQRVFKEKVDTRTQEPKEGTKKLMKITAEWLWKELGKKKTPRMCTREEFTRKVRSNAALGAIFTDENKWKSAREAVEDSRFWELVDKERNLHLEGKCETCVYNMMGKREKKLGEFGKAKGSRAIWYMWLGARFLEFEALGFLNEDHWFSRENSLSGVEGEGLHKLGYILRDVSKKEGGAMYADDTAGWDTRITLEDLKNEEMVTNHMEGEHKKLAEAIFKLTYQNKVVRVQRPTPRGTVMDIISRRDQRGSGQVGTYGLNTFTNMEAQLIRQMEGEGVFKNIQHLTVTEEAAVQNWLARVGRERLSRMAISGDDCVVKPLDDRFANALTALNDMGKIRKDIQQWEPSKGWNDWTQVPFCSHHFHELIMKDGRVLVVPCRNQDELIGRARISQGAGWSLRETACLGKSYAQMWSLMYFHRRDLRLAANAICSAVPSHWVPTSRTTWSIHAKHEWMTTEDMLTVWNRVWIRENPWMEDKTPVESWEEIPYLGKREDQWCGSLIGLTSRATWAKNIQAAINQVRSLIGNEEYTDYMPSMKRFRREEEEAGVLW
A0T4E5,DNLAVLHTAEAGGRAYNHALSELPETLETLLLLTLLATVTGGIFLFLMSGRGIGKMTLGMCCIITASILLWYAQIQPHWIAASIILEFFLIVLLIPEPEKQRTPQDNQLTYVVIAILTVVAATMANEMGFLEKTKKDLGLGSITTQQPESNILDIDLRPASAWTLYAVATTFVTPMLRHSIENSSVNVSLTAIANQATVLMGLGKGWPLSKMDIGVPLLAIGCYSQVNPITLTAALFLLVAHYAIIGPGLQAKATREAQKRAAAGIMKNPTVGRITVIDLDPIPYDPKFEKQLGQVMLLVLCVTQVLMMRTTWALCEALTLATGPISTLWEGNPGRFWNTTIAVSMANIFRGSYLAGAGLLFSIMKNTTNTRRGTGNIGETLGEKWKSRLNALGKSEFQIYKKSGIQEVDRTLAKEGIKRGETDHHAVSRGSAKLRWFVERNMVTPEGKVVDLGCGRGGWSYYCGGLKNVREVKGLTKGGPGHEEPIPMSTYGWNLVRLQSGVDVFFTPPEKCDTLLCDIGESSPNPTVEAGRTLRVLNLVENWLNNNTQFCIKVLNPYMPSVIEKMEALQRKYGGALVRNPLSRNSTHEMYWVSNASGNIVSSVNMISRMLINRFTMRHKKATYEPDVDLGSGTRNIGIESE
D4QFF9,AERVIDPRRCMKPXILTDGEERVILAGPMPVTHSSAAQRRGRIGRNPKNENDQYIYMGEPLENDEDCAHWKEAKMLLDNINTPEGIIPSMFEPEREKVDAIDGEYRLRGEARKTFVDLMRRGDLPVWLAYKVAAEGINYADRRWCFDGIKNNQILEENVEVEIWTKEGERKKLKPRWLDARIYSDPLALKEFKEFAAGRKSLTLNLITEMGRLPTFMTQKTRDALDNLAVLHTAEAGGRAYNHALSELPETLETLLLLTLLATVTGGIFLFLMSGRGIGKMTLGMCCIITASILLWYAQIQPHWIAASIILEFFLIVLLIPEPEKQRTPQDNQLTYVVIAILTVVAATMANEMGFLEKTKKDLGLGSIATQQPESNILDIDLRPASAWTLYAVATTFVTPMLRHSIENSSVNVSLTAIANQATVLMGLGKGWPLSKMDIGVPLLAIGCYSQVNPITLTAALLLLVAHYAIIGPGLQAKATREAQKRAAAGIMKNPTVDGITVIDLDPIPYDPKFEKQLGQVMLLILCVTQVLMMRTTWALCEALTLATGPISTLWEGNPGRFWNTTIAVSMANIFRGSYLAGAGLLFSIMKNTTNTRRGTGNIGETLGEKWKSRLNALGKSEFQIYKKSGIQEVDRTLAKEGIKRGETDHHAVSRGSAKLRWFVERNMVTPEGKVVDLGCGRGGWSYYCGGLKNVREVKGLTKGGPGHEEPIPMSTYGWNLVRLQSGVDVFFIPPEKCDTLLCDIGESSPNPTVEAGRTLRVLNLVENWLNNNTQFCIKVLNPYMPSVIEKMEALQRKYGGALVRNPLSRNSTHEMYWVSNASGNIVSSVNMISRMLINRFTMRHKKATYEPDVDLGSGTRNIGIESEIPNLDIIGKRIEKIKQEHETSWHYDQDHPYKTWAYHGSYETKQTGSASSMVNGVVRLLTKPWDVLPTVTQMAMTDTTPFGQQRVFKEKVDTRTQEPKEGTKKLMKITAEWLWKELGKKKTPRMCTREEFTRKVRSNAALGAIFTDENKWKSAREAVEDSRFWELVDKERNLHLEGKCETCVYNMMGKREKKLGEFGKAKGSRAIWYMWLGARFLEFEALGFLNEDHWFSRENSLSGVEGEGLHKLGYILRDVSKKEGGAMYADDTAGWDTRITLEDLKNEEMVTNHMEGEHKKLAEAIFKLTYQNKVVRVQRPTPRGTVMDIISRRDQRGSGQVGTYGLNTFTNMEAQLIRQMEGEGVFKNIQHLTVTEEVAVQNWLARVGRERLSRMAISGDDCVVKPLDDRFANALTALNDMGKIRKDIQQWEPSKGWNDWTQVPFCSHHFHELIMKDGRVLVVPCRNQDELIGRARISQGAGWSLRETACLGKSYAQMWSLMYFHRRDLRLAANAICSAVPSHWVPTSRTTWSIHAKHEWMTTEDMLTVWNRVWIRENPWMEDKTPVESWEEIPYLGKREDQWCGSLIGLTSRATWAKNIQAAINQVRSLIGNEEYTDYMPSMKRFXREEEEAGVLW
D4QFG0,AERVIDPRRCMKPXILTDGEERVILAGPMPVTHSSAAQRRGRIGRNPKNENDQYIYMGEPLENDEDCAHWKEAKMLLDNINTPEGIIPSMFEPEREKVDAIDGEYRLRGEARKTFVDLMRRGDLPVWLAYKVAAEGINYADRRWCFDGIKNNQILEENVEVEIWTKEGERKKLKPRWLDARIYSDPLALKEFKEFAAGRKSLTLNLITEMGRLPTFMTQKTRDALDNLAVLHTAEAGGRAYNHALSELPETLETLLLLTLLATVTGGIFLFLMSGRGIGKMTLGMCCIITASILLWYAQIQPHWIAASIILEFFLIVLLIPEPEKQRTPQDNQLTYVVIAILTVVAATMANEMGFLEKTKKDLGLGSIATQQPESNILDIDLRPASAWTLYAVATTFVTPMLRHSIENSSVNVSLTAIANQATVLMGLGKGWPLSKMDIGVPLLAIGCYSQVNPITLTAALLLLVAHYAIIGPGLQAKATREAQKRAAAGIMKNPTVDGITVIDLDPIPYDPKFEKQLGQVMLLILCVTQVLMMRTTWALCEALTLATGPISTLWEGNPGRFWNTTIAVSMANIFRGSYLAGAGLLFSIMKNTTNTRRGTGNIGETLGEKWKSRLNALGKSEFQIYKKSGIQEVDRTLAKEGIKRGETDHHAVSRGSAKLRWFVERNMVTPEGKVVDLGCGRGGWSYYCGGLKNVREVKGLTKGGPGHEEPIPMSTYGWNLVRLQSGVDVFFIPPEKCDTLLCDIGESSPNPTVEAGRTLRVLNLVENWLNNNTQFCIKVLNPYMPSVIEKMEALQRKYGGALVRNPLSRNSTHEMYWVSNASGNIVSSVNMISRMLINRFTMRHKKATYEPDVDLGSGTRNIGIESEIPNLDIIGKRIEKIKQEHETSWHYDQDHPYKTWAYHGSYETKQTGSASSMVNGVVRLLTKPWDVLPTVTQMAMTDTTPFGQQRVFKEKVDTRTQEPKEGTKKLMKITAEWLWKELGKKKTPRMCTREEFTRKVRSNAALGAIFTDENKWKSAREAVEDSRFWELVDKERNLHLEGKCETCVYNMMGKREKKLGEFGKAKGSRAIWYMWLGARFLEFEALGFLNEDHWFSRENSLSGVEGEGLHKLGYILRDVSKKEGGAMYADDTAGWDTRITLEDLKNEEMVTNHMEGEHKKLAEAIFKLTYQNKVVRVQRPTPRGTVMDIISRRDQRGSGQVGTYGLNTFTNMEAQLIRQMEGEGVFKNIQHLTVTEEVAVQNWLARVGRERLSRMAISGDDCVVKPLDDRFANALTALNDMGKIRKDIQQWEPSKGWNDWTQVPFCSHHFHELIMKDGRVLVVPCRNQDELIGRARISQGAGWSLRETACLGKSYAQMWSLMYFHRRDLRLAANAICSAVPSHWVPTSRTTWSIHAKHEWMTTEDMLTVWNRVWIRENPWMEDKTPVESWEEIPYLGKREDQWCGSLIGLTSRATWAKNIQAAINQVRSLIGNEEYTDYMPSMKRFXREEEEAGVLW
W0LLB2,EEREIPERSWNSGHEWVTDFKGKTVWFVPSIKAGNDIAACLRKNGKKVIQLSRKTFDSEYVKTRTNDWDFVVTTDISEMGANFKAERVIDPRRCMKPVILTDGEERVILAGPMPVTHSSAAQRRGRIGRNPKNENDQYIYMGEPLENDEDCAHWKEAKMLLDNINTPEGIIPSMFEPEREKVDAIDGEYRLRGEARKTFVDLMRRGDLPVWLAYKVAAEGINYADRRWCFDGIKNNQILEENVEVEIWTKEGERKKLKPRWLDARIYSDPLALKEFKEFAAGRKSLTLNLITEMGRLPTFMTQKTRDALDNLAVLHTAEAGGRAYNHALSELPETLETLLLLTLLATVTGGIFLFLMSGRGIGKMTLGMCCIITASILLWYAQIQPHWIAASIILEFFLIVLLIPEPEKQRTPQDNQLTYVVIAILTVVAATMANEMGFLEKTKKDLGLGSIATQQPESNILDIDLRPASAWTLYAVATTFVTPMLRHSIENSSVNVSLTAIANQATVLMGLGKGWPLSKMDIGVPLLAIGCYSQVNPITLTAALLLLVAHYAIIGPGLQAKATREAQKRAAAGIMKNPTVDGITVIDLDPIPYDPKFEKQLGQVMLLILCVTQVLMMRTTWALCEALTLATGPISTLWEGNPGRFWNTTIAVSMANIFRGSYXXXXXXXXXXXXXXXXXXXXXXXXXXXLGEKWKSRLNALGKSEFQIYKKSGIQEVDRTLAKEGIKRGETDHHAVSRGSAKLRWFVERNMVTPEGKVVDLGCGRGGWSYYCGGLKNVREVKGLTKGGPGHEEPIPMSTYGWNLVRLQSGVDVFFIPPEKCDTLLCDIGESSPNPTVEAGRTLRVLNLVENWLNNNTQFCIKVLNPYMPSVIEKMEALQRKYGGALVRNPLSRNSTHEMYWVSNASGNIVSSVNMISRMLINRFTMRHKKATYEPDVDLGSGTRNIGIESETPNLDIIGKRIEKIKEEHETSWHYDQDHPYKTWAYHGSYETKQTGSASSMVNGVVRLLTKPWDVLPTVTQMAMTDTTPFGQQRVFKEKVDTRTQEPKEGTKKLMKITAEWLWKELGKKKTPRMCTREEFTRKVRSNAALGAIFTDENKWKSAREAVEDSRFWELVDKERNLHLEGKCETCVYNMMGKREKKLGEFGKAKGSRAIWYMWLGARFLEFEALGFLNEDHWFSRENSLSGVEGEGLHKLGYILRDVSKKEGGAMYADDTAGWDTRITLEDLKNEEMVTNHMEGEHKKLAEAIFKLTYQNKVVRVQRPTPRGTVMDIISRRDQRGSGQVGTYGLNTFTNMEAQLIRQMEGEGVFKNIQHLTVTEEAAVQNWLARVGRERLSRMAISGDDCVVKPLDDRFANALTALNDMGKIRKDIQQWEPSKGWNDWTQVPFCSHHFHELIMKDGRVLVVPCRNQDELIGRARISQGAGWSLRETACLGKSYAQMWSLMYFHRRDLRLAANAICSAVPSHWVPTSRTTWSIHAKHEWMTTEDMLTVWNRVWIRENPWMEDKTPVESWEEIPYLGKREDQWCGSLIGLTSRATWAKNIQAAINQVRSLIGNEEYTDYMPSMKRFRREEEEAGVLW
D4QFF9,AERVIDPRRCMKPXILTDGEERVILAGPMPVTHSSAAQRRGRIGRNPKNENDQYIYMGEPLENDEDCAHWKEAKMLLDNINTPEGIIPSMFEPEREKVDAIDGEYRLRGEARKTFVDLMRRGDLPVWLAYKVAAEGINYADRRWCFDGIKNNQILEENVEVEIWTKEGERKKLKPRWLDARIYSDPLALKEFKEFAAGRKSLTLNLITEMGRLPTFMTQKTRDALDNLAVLHTAEAGGRAYNHALSELPETLETLLLLTLLATVTGGIFLFLMSGRGIGKMTLGMCCIITASILLWYAQIQPHWIAASIILEFFLIVLLIPEPEKQRTPQDNQLTYVVIAILTVVAATMANEMGFLEKTKKDLGLGSIATQQPESNILDIDLRPASAWTLYAVATTFVTPMLRHSIENSSVNVSLTAIANQATVLMGLGKGWPLSKMDIGVPLLAIGCYSQVNPITLTAALLLLVAHYAIIGPGLQAKATREAQKRAAAGIMKNPTVDGITVIDLDPIPYDPKFEKQLGQVMLLILCVTQVLMMRTTWALCEALTLATGPISTLWEGNPGRFWNTTIAVSMANIFRGSYLAGAGLLFSIMKNTTNTRRGTGNIGETLGEKWKSRLNALGKSEFQIYKKSGIQEVDRTLAKEGIKRGETDHHAVSRGSAKLRWFVERNMVTPEGKVVDLGCGRGGWSYYCGGLKNVREVKGLTKGGPGHEEPIPMSTYGWNLVRLQSGVDVFFIPPEKCDTLLCDIGESSPNPTVEAGRTLRVLNLVENWLNNNTQFCIKVLNPYMPSVIEKMEALQRKYGGALVRNPLSRNSTHEMYWVSNASGNIVSSVNMISRMLINRFTMRHKKATYEPDVDLGSGTRNIGIESEIPNLDIIGKRIEKIKQEHETSWHYDQDHPYKTWAYHGSYETKQTGSASSMVNGVVRLLTKPWDVLPTVTQMAMTDTTPFGQQRVFKEKVDTRTQEPKEGTKKLMKITAEWLWKELGKKKTPRMCTREEFTRKVRSNAALGAIFTDENKWKSAREAVEDSRFWELVDKERNLHLEGKCETCVYNMMGKREKKLGEFGKAKGSRAIWYMWLGARFLEFEALGFLNEDHWFSRENSLSGVEGEGLHKLGYILRDVSKKEGGAMYADDTAGWDTRITLEDLKNEEMVTNHMEGEHKKLAEAIFKLTYQNKVVRVQRPTPRGTVMDIISRRDQRGSGQVGTYGLNTFTNMEAQLIRQMEGEGVFKNIQHLTVTEEVAVQNWLARVGRERLSRMAISGDDCVVKPLDDRFANALTALNDMGKIRKDIQQWEPSKGWNDWTQVPFCSHHFHELIMKDGRVLVVPCRNQDELIGRARISQGAGWSLRETACLGKSYAQMWSLMYFHRRDLRLAANAICSAVPSHWVPTSRTTWSIHAKHEWMTTEDMLTVWNRVWIRENPWMEDKTPVESWEEIPYLGKREDQWCGSLIGLTSRATWAKNIQAAINQVRSLIGNEEYTDYMPSMKRFXREEEEAGVLW
D4QFG0,AERVIDPRRCMKPXILTDGEERVILAGPMPVTHSSAAQRRGRIGRNPKNENDQYIYMGEPLENDEDCAHWKEAKMLLDNINTPEGIIPSMFEPEREKVDAIDGEYRLRGEARKTFVDLMRRGDLPVWLAYKVAAEGINYADRRWCFDGIKNNQILEENVEVEIWTKEGERKKLKPRWLDARIYSDPLALKEFKEFAAGRKSLTLNLITEMGRLPTFMTQKTRDALDNLAVLHTAEAGGRAYNHALSELPETLETLLLLTLLATVTGGIFLFLMSGRGIGKMTLGMCCIITASILLWYAQIQPHWIAASIILEFFLIVLLIPEPEKQRTPQDNQLTYVVIAILTVVAATMANEMGFLEKTKKDLGLGSIATQQPESNILDIDLRPASAWTLYAVATTFVTPMLRHSIENSSVNVSLTAIANQATVLMGLGKGWPLSKMDIGVPLLAIGCYSQVNPITLTAALLLLVAHYAIIGPGLQAKATREAQKRAAAGIMKNPTVDGITVIDLDPIPYDPKFEKQLGQVMLLILCVTQVLMMRTTWALCEALTLATGPISTLWEGNPGRFWNTTIAVSMANIFRGSYLAGAGLLFSIMKNTTNTRRGTGNIGETLGEKWKSRLNALGKSEFQIYKKSGIQEVDRTLAKEGIKRGETDHHAVSRGSAKLRWFVERNMVTPEGKVVDLGCGRGGWSYYCGGLKNVREVKGLTKGGPGHEEPIPMSTYGWNLVRLQSGVDVFFIPPEKCDTLLCDIGESSPNPTVEAGRTLRVLNLVENWLNNNTQFCIKVLNPYMPSVIEKMEALQRKYGGALVRNPLSRNSTHEMYWVSNASGNIVSSVNMISRMLINRFTMRHKKATYEPDVDLGSGTRNIGIESEIPNLDIIGKRIEKIKQEHETSWHYDQDHPYKTWAYHGSYETKQTGSASSMVNGVVRLLTKPWDVLPTVTQMAMTDTTPFGQQRVFKEKVDTRTQEPKEGTKKLMKITAEWLWKELGKKKTPRMCTREEFTRKVRSNAALGAIFTDENKWKSAREAVEDSRFWELVDKERNLHLEGKCETCVYNMMGKREKKLGEFGKAKGSRAIWYMWLGARFLEFEALGFLNEDHWFSRENSLSGVEGEGLHKLGYILRDVSKKEGGAMYADDTAGWDTRITLEDLKNEEMVTNHMEGEHKKLAEAIFKLTYQNKVVRVQRPTPRGTVMDIISRRDQRGSGQVGTYGLNTFTNMEAQLIRQMEGEGVFKNIQHLTVTEEVAVQNWLARVGRERLSRMAISGDDCVVKPLDDRFANALTALNDMGKIRKDIQQWEPSKGWNDWTQVPFCSHHFHELIMKDGRVLVVPCRNQDELIGRARISQGAGWSLRETACLGKSYAQMWSLMYFHRRDLRLAANAICSAVPSHWVPTSRTTWSIHAKHEWMTTEDMLTVWNRVWIRENPWMEDKTPVESWEEIPYLGKREDQWCGSLIGLTSRATWAKNIQAAINQVRSLIGNEEYTDYMPSMKRFXREEEEAGVLW
W0LLB2,EEREIPERSWNSGHEWVTDFKGKTVWFVPSIKAGNDIAACLRKNGKKVIQLSRKTFDSEYVKTRTNDWDFVVTTDISEMGANFKAERVIDPRRCMKPVILTDGEERVILAGPMPVTHSSAAQRRGRIGRNPKNENDQYIYMGEPLENDEDCAHWKEAKMLLDNINTPEGIIPSMFEPEREKVDAIDGEYRLRGEARKTFVDLMRRGDLPVWLAYKVAAEGINYADRRWCFDGIKNNQILEENVEVEIWTKEGERKKLKPRWLDARIYSDPLALKEFKEFAAGRKSLTLNLITEMGRLPTFMTQKTRDALDNLAVLHTAEAGGRAYNHALSELPETLETLLLLTLLATVTGGIFLFLMSGRGIGKMTLGMCCIITASILLWYAQIQPHWIAASIILEFFLIVLLIPEPEKQRTPQDNQLTYVVIAILTVVAATMANEMGFLEKTKKDLGLGSIATQQPESNILDIDLRPASAWTLYAVATTFVTPMLRHSIENSSVNVSLTAIANQATVLMGLGKGWPLSKMDIGVPLLAIGCYSQVNPITLTAALLLLVAHYAIIGPGLQAKATREAQKRAAAGIMKNPTVDGITVIDLDPIPYDPKFEKQLGQVMLLILCVTQVLMMRTTWALCEALTLATGPISTLWEGNPGRFWNTTIAVSMANIFRGSYXXXXXXXXXXXXXXXXXXXXXXXXXXXLGEKWKSRLNALGKSEFQIYKKSGIQEVDRTLAKEGIKRGETDHHAVSRGSAKLRWFVERNMVTPEGKVVDLGCGRGGWSYYCGGLKNVREVKGLTKGGPGHEEPIPMSTYGWNLVRLQSGVDVFFIPPEKCDTLLCDIGESSPNPTVEAGRTLRVLNLVENWLNNNTQFCIKVLNPYMPSVIEKMEALQRKYGGALVRNPLSRNSTHEMYWVSNASGNIVSSVNMISRMLINRFTMRHKKATYEPDVDLGSGTRNIGIESETPNLDIIGKRIEKIKEEHETSWHYDQDHPYKTWAYHGSYETKQTGSASSMVNGVVRLLTKPWDVLPTVTQMAMTDTTPFGQQRVFKEKVDTRTQEPKEGTKKLMKITAEWLWKELGKKKTPRMCTREEFTRKVRSNAALGAIFTDENKWKSAREAVEDSRFWELVDKERNLHLEGKCETCVYNMMGKREKKLGEFGKAKGSRAIWYMWLGARFLEFEALGFLNEDHWFSRENSLSGVEGEGLHKLGYILRDVSKKEGGAMYADDTAGWDTRITLEDLKNEEMVTNHMEGEHKKLAEAIFKLTYQNKVVRVQRPTPRGTVMDIISRRDQRGSGQVGTYGLNTFTNMEAQLIRQMEGEGVFKNIQHLTVTEEAAVQNWLARVGRERLSRMAISGDDCVVKPLDDRFANALTALNDMGKIRKDIQQWEPSKGWNDWTQVPFCSHHFHELIMKDGRVLVVPCRNQDELIGRARISQGAGWSLRETACLGKSYAQMWSLMYFHRRDLRLAANAICSAVPSHWVPTSRTTWSIHAKHEWMTTEDMLTVWNRVWIRENPWMEDKTPVESWEEIPYLGKREDQWCGSLIGLTSRATWAKNIQAAINQVRSLIGNEEYTDYMPSMKRFRREEEEAGVLW
D4QFF9,AERVIDPRRCMKPXILTDGEERVILAGPMPVTHSSAAQRRGRIGRNPKNENDQYIYMGEPLENDEDCAHWKEAKMLLDNINTPEGIIPSMFEPEREKVDAIDGEYRLRGEARKTFVDLMRRGDLPVWLAYKVAAEGINYADRRWCFDGIKNNQILEENVEVEIWTKEGERKKLKPRWLDARIYSDPLALKEFKEFAAGRKSLTLNLITEMGRLPTFMTQKTRDALDNLAVLHTAEAGGRAYNHALSELPETLETLLLLTLLATVTGGIFLFLMSGRGIGKMTLGMCCIITASILLWYAQIQPHWIAASIILEFFLIVLLIPEPEKQRTPQDNQLTYVVIAILTVVAATMANEMGFLEKTKKDLGLGSIATQQPESNILDIDLRPASAWTLYAVATTFVTPMLRHSIENSSVNVSLTAIANQATVLMGLGKGWPLSKMDIGVPLLAIGCYSQVNPITLTAALLLLVAHYAIIGPGLQAKATREAQKRAAAGIMKNPTVDGITVIDLDPIPYDPKFEKQLGQVMLLILCVTQVLMMRTTWALCEALTLATGPISTLWEGNPGRFWNTTIAVSMANIFRGSYLAGAGLLFSIMKNTTNTRRGTGNIGETLGEKWKSRLNALGKSEFQIYKKSGIQEVDRTLAKEGIKRGETDHHAVSRGSAKLRWFVERNMVTPEGKVVDLGCGRGGWSYYCGGLKNVREVKGLTKGGPGHEEPIPMSTYGWNLVRLQSGVDVFFIPPEKCDTLLCDIGESSPNPTVEAGRTLRVLNLVENWLNNNTQFCIKVLNPYMPSVIEKMEALQRKYGGALVRNPLSRNSTHEMYWVSNASGNIVSSVNMISRMLINRFTMRHKKATYEPDVDLGSGTRNIGIESEIPNLDIIGKRIEKIKQEHETSWHYDQDHPYKTWAYHGSYETKQTGSASSMVNGVVRLLTKPWDVLPTVTQMAMTDTTPFGQQRVFKEKVDTRTQEPKEGTKKLMKITAEWLWKELGKKKTPRMCTREEFTRKVRSNAALGAIFTDENKWKSAREAVEDSRFWELVDKERNLHLEGKCETCVYNMMGKREKKLGEFGKAKGSRAIWYMWLGARFLEFEALGFLNEDHWFSRENSLSGVEGEGLHKLGYILRDVSKKEGGAMYADDTAGWDTRITLEDLKNEEMVTNHMEGEHKKLAEAIFKLTYQNKVVRVQRPTPRGTVMDIISRRDQRGSGQVGTYGLNTFTNMEAQLIRQMEGEGVFKNIQHLTVTEEVAVQNWLARVGRERLSRMAISGDDCVVKPLDDRFANALTALNDMGKIRKDIQQWEPSKGWNDWTQVPFCSHHFHELIMKDGRVLVVPCRNQDELIGRARISQGAGWSLRETACLGKSYAQMWSLMYFHRRDLRLAANAICSAVPSHWVPTSRTTWSIHAKHEWMTTEDMLTVWNRVWIRENPWMEDKTPVESWEEIPYLGKREDQWCGSLIGLTSRATWAKNIQAAINQVRSLIGNEEYTDYMPSMKRFXREEEEAGVLW
D4QFG0,AERVIDPRRCMKPXILTDGEERVILAGPMPVTHSSAAQRRGRIGRNPKNENDQYIYMGEPLENDEDCAHWKEAKMLLDNINTPEGIIPSMFEPEREKVDAIDGEYRLRGEARKTFVDLMRRGDLPVWLAYKVAAEGINYADRRWCFDGIKNNQILEENVEVEIWTKEGERKKLKPRWLDARIYSDPLALKEFKEFAAGRKSLTLNLITEMGRLPTFMTQKTRDALDNLAVLHTAEAGGRAYNHALSELPETLETLLLLTLLATVTGGIFLFLMSGRGIGKMTLGMCCIITASILLWYAQIQPHWIAASIILEFFLIVLLIPEPEKQRTPQDNQLTYVVIAILTVVAATMANEMGFLEKTKKDLGLGSIATQQPESNILDIDLRPASAWTLYAVATTFVTPMLRHSIENSSVNVSLTAIANQATVLMGLGKGWPLSKMDIGVPLLAIGCYSQVNPITLTAALLLLVAHYAIIGPGLQAKATREAQKRAAAGIMKNPTVDGITVIDLDPIPYDPKFEKQLGQVMLLILCVTQVLMMRTTWALCEALTLATGPISTLWEGNPGRFWNTTIAVSMANIFRGSYLAGAGLLFSIMKNTTNTRRGTGNIGETLGEKWKSRLNALGKSEFQIYKKSGIQEVDRTLAKEGIKRGETDHHAVSRGSAKLRWFVERNMVTPEGKVVDLGCGRGGWSYYCGGLKNVREVKGLTKGGPGHEEPIPMSTYGWNLVRLQSGVDVFFIPPEKCDTLLCDIGESSPNPTVEAGRTLRVLNLVENWLNNNTQFCIKVLNPYMPSVIEKMEALQRKYGGALVRNPLSRNSTHEMYWVSNASGNIVSSVNMISRMLINRFTMRHKKATYEPDVDLGSGTRNIGIESEIPNLDIIGKRIEKIKQEHETSWHYDQDHPYKTWAYHGSYETKQTGSASSMVNGVVRLLTKPWDVLPTVTQMAMTDTTPFGQQRVFKEKVDTRTQEPKEGTKKLMKITAEWLWKELGKKKTPRMCTREEFTRKVRSNAALGAIFTDENKWKSAREAVEDSRFWELVDKERNLHLEGKCETCVYNMMGKREKKLGEFGKAKGSRAIWYMWLGARFLEFEALGFLNEDHWFSRENSLSGVEGEGLHKLGYILRDVSKKEGGAMYADDTAGWDTRITLEDLKNEEMVTNHMEGEHKKLAEAIFKLTYQNKVVRVQRPTPRGTVMDIISRRDQRGSGQVGTYGLNTFTNMEAQLIRQMEGEGVFKNIQHLTVTEEVAVQNWLARVGRERLSRMAISGDDCVVKPLDDRFANALTALNDMGKIRKDIQQWEPSKGWNDWTQVPFCSHHFHELIMKDGRVLVVPCRNQDELIGRARISQGAGWSLRETACLGKSYAQMWSLMYFHRRDLRLAANAICSAVPSHWVPTSRTTWSIHAKHEWMTTEDMLTVWNRVWIRENPWMEDKTPVESWEEIPYLGKREDQWCGSLIGLTSRATWAKNIQAAINQVRSLIGNEEYTDYMPSMKRFXREEEEAGVLW
W0LLB2,EEREIPERSWNSGHEWVTDFKGKTVWFVPSIKAGNDIAACLRKNGKKVIQLSRKTFDSEYVKTRTNDWDFVVTTDISEMGANFKAERVIDPRRCMKPVILTDGEERVILAGPMPVTHSSAAQRRGRIGRNPKNENDQYIYMGEPLENDEDCAHWKEAKMLLDNINTPEGIIPSMFEPEREKVDAIDGEYRLRGEARKTFVDLMRRGDLPVWLAYKVAAEGINYADRRWCFDGIKNNQILEENVEVEIWTKEGERKKLKPRWLDARIYSDPLALKEFKEFAAGRKSLTLNLITEMGRLPTFMTQKTRDALDNLAVLHTAEAGGRAYNHALSELPETLETLLLLTLLATVTGGIFLFLMSGRGIGKMTLGMCCIITASILLWYAQIQPHWIAASIILEFFLIVLLIPEPEKQRTPQDNQLTYVVIAILTVVAATMANEMGFLEKTKKDLGLGSIATQQPESNILDIDLRPASAWTLYAVATTFVTPMLRHSIENSSVNVSLTAIANQATVLMGLGKGWPLSKMDIGVPLLAIGCYSQVNPITLTAALLLLVAHYAIIGPGLQAKATREAQKRAAAGIMKNPTVDGITVIDLDPIPYDPKFEKQLGQVMLLILCVTQVLMMRTTWALCEALTLATGPISTLWEGNPGRFWNTTIAVSMANIFRGSYXXXXXXXXXXXXXXXXXXXXXXXXXXXLGEKWKSRLNALGKSEFQIYKKSGIQEVDRTLAKEGIKRGETDHHAVSRGSAKLRWFVERNMVTPEGKVVDLGCGRGGWSYYCGGLKNVREVKGLTKGGPGHEEPIPMSTYGWNLVRLQSGVDVFFIPPEKCDTLLCDIGESSPNPTVEAGRTLRVLNLVENWLNNNTQFCIKVLNPYMPSVIEKMEALQRKYGGALVRNPLSRNSTHEMYWVSNASGNIVSSVNMISRMLINRFTMRHKKATYEPDVDLGSGTRNIGIESETPNLDIIGKRIEKIKEEHETSWHYDQDHPYKTWAYHGSYETKQTGSASSMVNGVVRLLTKPWDVLPTVTQMAMTDTTPFGQQRVFKEKVDTRTQEPKEGTKKLMKITAEWLWKELGKKKTPRMCTREEFTRKVRSNAALGAIFTDENKWKSAREAVEDSRFWELVDKERNLHLEGKCETCVYNMMGKREKKLGEFGKAKGSRAIWYMWLGARFLEFEALGFLNEDHWFSRENSLSGVEGEGLHKLGYILRDVSKKEGGAMYADDTAGWDTRITLEDLKNEEMVTNHMEGEHKKLAEAIFKLTYQNKVVRVQRPTPRGTVMDIISRRDQRGSGQVGTYGLNTFTNMEAQLIRQMEGEGVFKNIQHLTVTEEAAVQNWLARVGRERLSRMAISGDDCVVKPLDDRFANALTALNDMGKIRKDIQQWEPSKGWNDWTQVPFCSHHFHELIMKDGRVLVVPCRNQDELIGRARISQGAGWSLRETACLGKSYAQMWSLMYFHRRDLRLAANAICSAVPSHWVPTSRTTWSIHAKHEWMTTEDMLTVWNRVWIRENPWMEDKTPVESWEEIPYLGKREDQWCGSLIGLTSRATWAKNIQAAINQVRSLIGNEEYTDYMPSMKRFRREEEEAGVLW
A0T4E5,DNLAVLHTAEAGGRAYNHALSELPETLETLLLLTLLATVTGGIFLFLMSGRGIGKMTLGMCCIITASILLWYAQIQPHWIAASIILEFFLIVLLIPEPEKQRTPQDNQLTYVVIAILTVVAATMANEMGFLEKTKKDLGLGSITTQQPESNILDIDLRPASAWTLYAVATTFVTPMLRHSIENSSVNVSLTAIANQATVLMGLGKGWPLSKMDIGVPLLAIGCYSQVNPITLTAALFLLVAHYAIIGPGLQAKATREAQKRAAAGIMKNPTVGRITVIDLDPIPYDPKFEKQLGQVMLLVLCVTQVLMMRTTWALCEALTLATGPISTLWEGNPGRFWNTTIAVSMANIFRGSYLAGAGLLFSIMKNTTNTRRGTGNIGETLGEKWKSRLNALGKSEFQIYKKSGIQEVDRTLAKEGIKRGETDHHAVSRGSAKLRWFVERNMVTPEGKVVDLGCGRGGWSYYCGGLKNVREVKGLTKGGPGHEEPIPMSTYGWNLVRLQSGVDVFFTPPEKCDTLLCDIGESSPNPTVEAGRTLRVLNLVENWLNNNTQFCIKVLNPYMPSVIEKMEALQRKYGGALVRNPLSRNSTHEMYWVSNASGNIVSSVNMISRMLINRFTMRHKKATYEPDVDLGSGTRNIGIESE
D4QFF9,AERVIDPRRCMKPXILTDGEERVILAGPMPVTHSSAAQRRGRIGRNPKNENDQYIYMGEPLENDEDCAHWKEAKMLLDNINTPEGIIPSMFEPEREKVDAIDGEYRLRGEARKTFVDLMRRGDLPVWLAYKVAAEGINYADRRWCFDGIKNNQILEENVEVEIWTKEGERKKLKPRWLDARIYSDPLALKEFKEFAAGRKSLTLNLITEMGRLPTFMTQKTRDALDNLAVLHTAEAGGRAYNHALSELPETLETLLLLTLLATVTGGIFLFLMSGRGIGKMTLGMCCIITASILLWYAQIQPHWIAASIILEFFLIVLLIPEPEKQRTPQDNQLTYVVIAILTVVAATMANEMGFLEKTKKDLGLGSIATQQPESNILDIDLRPASAWTLYAVATTFVTPMLRHSIENSSVNVSLTAIANQATVLMGLGKGWPLSKMDIGVPLLAIGCYSQVNPITLTAALLLLVAHYAIIGPGLQAKATREAQKRAAAGIMKNPTVDGITVIDLDPIPYDPKFEKQLGQVMLLILCVTQVLMMRTTWALCEALTLATGPISTLWEGNPGRFWNTTIAVSMANIFRGSYLAGAGLLFSIMKNTTNTRRGTGNIGETLGEKWKSRLNALGKSEFQIYKKSGIQEVDRTLAKEGIKRGETDHHAVSRGSAKLRWFVERNMVTPEGKVVDLGCGRGGWSYYCGGLKNVREVKGLTKGGPGHEEPIPMSTYGWNLVRLQSGVDVFFIPPEKCDTLLCDIGESSPNPTVEAGRTLRVLNLVENWLNNNTQFCIKVLNPYMPSVIEKMEALQRKYGGALVRNPLSRNSTHEMYWVSNASGNIVSSVNMISRMLINRFTMRHKKATYEPDVDLGSGTRNIGIESEIPNLDIIGKRIEKIKQEHETSWHYDQDHPYKTWAYHGSYETKQTGSASSMVNGVVRLLTKPWDVLPTVTQMAMTDTTPFGQQRVFKEKVDTRTQEPKEGTKKLMKITAEWLWKELGKKKTPRMCTREEFTRKVRSNAALGAIFTDENKWKSAREAVEDSRFWELVDKERNLHLEGKCETCVYNMMGKREKKLGEFGKAKGSRAIWYMWLGARFLEFEALGFLNEDHWFSRENSLSGVEGEGLHKLGYILRDVSKKEGGAMYADDTAGWDTRITLEDLKNEEMVTNHMEGEHKKLAEAIFKLTYQNKVVRVQRPTPRGTVMDIISRRDQRGSGQVGTYGLNTFTNMEAQLIRQMEGEGVFKNIQHLTVTEEVAVQNWLARVGRERLSRMAISGDDCVVKPLDDRFANALTALNDMGKIRKDIQQWEPSKGWNDWTQVPFCSHHFHELIMKDGRVLVVPCRNQDELIGRARISQGAGWSLRETACLGKSYAQMWSLMYFHRRDLRLAANAICSAVPSHWVPTSRTTWSIHAKHEWMTTEDMLTVWNRVWIRENPWMEDKTPVESWEEIPYLGKREDQWCGSLIGLTSRATWAKNIQAAINQVRSLIGNEEYTDYMPSMKRFXREEEEAGVLW
D4QFG0,AERVIDPRRCMKPXILTDGEERVILAGPMPVTHSSAAQRRGRIGRNPKNENDQYIYMGEPLENDEDCAHWKEAKMLLDNINTPEGIIPSMFEPEREKVDAIDGEYRLRGEARKTFVDLMRRGDLPVWLAYKVAAEGINYADRRWCFDGIKNNQILEENVEVEIWTKEGERKKLKPRWLDARIYSDPLALKEFKEFAAGRKSLTLNLITEMGRLPTFMTQKTRDALDNLAVLHTAEAGGRAYNHALSELPETLETLLLLTLLATVTGGIFLFLMSGRGIGKMTLGMCCIITASILLWYAQIQPHWIAASIILEFFLIVLLIPEPEKQRTPQDNQLTYVVIAILTVVAATMANEMGFLEKTKKDLGLGSIATQQPESNILDIDLRPASAWTLYAVATTFVTPMLRHSIENSSVNVSLTAIANQATVLMGLGKGWPLSKMDIGVPLLAIGCYSQVNPITLTAALLLLVAHYAIIGPGLQAKATREAQKRAAAGIMKNPTVDGITVIDLDPIPYDPKFEKQLGQVMLLILCVTQVLMMRTTWALCEALTLATGPISTLWEGNPGRFWNTTIAVSMANIFRGSYLAGAGLLFSIMKNTTNTRRGTGNIGETLGEKWKSRLNALGKSEFQIYKKSGIQEVDRTLAKEGIKRGETDHHAVSRGSAKLRWFVERNMVTPEGKVVDLGCGRGGWSYYCGGLKNVREVKGLTKGGPGHEEPIPMSTYGWNLVRLQSGVDVFFIPPEKCDTLLCDIGESSPNPTVEAGRTLRVLNLVENWLNNNTQFCIKVLNPYMPSVIEKMEALQRKYGGALVRNPLSRNSTHEMYWVSNASGNIVSSVNMISRMLINRFTMRHKKATYEPDVDLGSGTRNIGIESEIPNLDIIGKRIEKIKQEHETSWHYDQDHPYKTWAYHGSYETKQTGSASSMVNGVVRLLTKPWDVLPTVTQMAMTDTTPFGQQRVFKEKVDTRTQEPKEGTKKLMKITAEWLWKELGKKKTPRMCTREEFTRKVRSNAALGAIFTDENKWKSAREAVEDSRFWELVDKERNLHLEGKCETCVYNMMGKREKKLGEFGKAKGSRAIWYMWLGARFLEFEALGFLNEDHWFSRENSLSGVEGEGLHKLGYILRDVSKKEGGAMYADDTAGWDTRITLEDLKNEEMVTNHMEGEHKKLAEAIFKLTYQNKVVRVQRPTPRGTVMDIISRRDQRGSGQVGTYGLNTFTNMEAQLIRQMEGEGVFKNIQHLTVTEEVAVQNWLARVGRERLSRMAISGDDCVVKPLDDRFANALTALNDMGKIRKDIQQWEPSKGWNDWTQVPFCSHHFHELIMKDGRVLVVPCRNQDELIGRARISQGAGWSLRETACLGKSYAQMWSLMYFHRRDLRLAANAICSAVPSHWVPTSRTTWSIHAKHEWMTTEDMLTVWNRVWIRENPWMEDKTPVESWEEIPYLGKREDQWCGSLIGLTSRATWAKNIQAAINQVRSLIGNEEYTDYMPSMKRFXREEEEAGVLW
D4QFF9,AERVIDPRRCMKPXILTDGEERVILAGPMPVTHSSAAQRRGRIGRNPKNENDQYIYMGEPLENDEDCAHWKEAKMLLDNINTPEGIIPSMFEPEREKVDAIDGEYRLRGEARKTFVDLMRRGDLPVWLAYKVAAEGINYADRRWCFDGIKNNQILEENVEVEIWTKEGERKKLKPRWLDARIYSDPLALKEFKEFAAGRKSLTLNLITEMGRLPTFMTQKTRDALDNLAVLHTAEAGGRAYNHALSELPETLETLLLLTLLATVTGGIFLFLMSGRGIGKMTLGMCCIITASILLWYAQIQPHWIAASIILEFFLIVLLIPEPEKQRTPQDNQLTYVVIAILTVVAATMANEMGFLEKTKKDLGLGSIATQQPESNILDIDLRPASAWTLYAVATTFVTPMLRHSIENSSVNVSLTAIANQATVLMGLGKGWPLSKMDIGVPLLAIGCYSQVNPITLTAALLLLVAHYAIIGPGLQAKATREAQKRAAAGIMKNPTVDGITVIDLDPIPYDPKFEKQLGQVMLLILCVTQVLMMRTTWALCEALTLATGPISTLWEGNPGRFWNTTIAVSMANIFRGSYLAGAGLLFSIMKNTTNTRRGTGNIGETLGEKWKSRLNALGKSEFQIYKKSGIQEVDRTLAKEGIKRGETDHHAVSRGSAKLRWFVERNMVTPEGKVVDLGCGRGGWSYYCGGLKNVREVKGLTKGGPGHEEPIPMSTYGWNLVRLQSGVDVFFIPPEKCDTLLCDIGESSPNPTVEAGRTLRVLNLVENWLNNNTQFCIKVLNPYMPSVIEKMEALQRKYGGALVRNPLSRNSTHEMYWVSNASGNIVSSVNMISRMLINRFTMRHKKATYEPDVDLGSGTRNIGIESEIPNLDIIGKRIEKIKQEHETSWHYDQDHPYKTWAYHGSYETKQTGSASSMVNGVVRLLTKPWDVLPTVTQMAMTDTTPFGQQRVFKEKVDTRTQEPKEGTKKLMKITAEWLWKELGKKKTPRMCTREEFTRKVRSNAALGAIFTDENKWKSAREAVEDSRFWELVDKERNLHLEGKCETCVYNMMGKREKKLGEFGKAKGSRAIWYMWLGARFLEFEALGFLNEDHWFSRENSLSGVEGEGLHKLGYILRDVSKKEGGAMYADDTAGWDTRITLEDLKNEEMVTNHMEGEHKKLAEAIFKLTYQNKVVRVQRPTPRGTVMDIISRRDQRGSGQVGTYGLNTFTNMEAQLIRQMEGEGVFKNIQHLTVTEEVAVQNWLARVGRERLSRMAISGDDCVVKPLDDRFANALTALNDMGKIRKDIQQWEPSKGWNDWTQVPFCSHHFHELIMKDGRVLVVPCRNQDELIGRARISQGAGWSLRETACLGKSYAQMWSLMYFHRRDLRLAANAICSAVPSHWVPTSRTTWSIHAKHEWMTTEDMLTVWNRVWIRENPWMEDKTPVESWEEIPYLGKREDQWCGSLIGLTSRATWAKNIQAAINQVRSLIGNEEYTDYMPSMKRFXREEEEAGVLW
D4QFG0,AERVIDPRRCMKPXILTDGEERVILAGPMPVTHSSAAQRRGRIGRNPKNENDQYIYMGEPLENDEDCAHWKEAKMLLDNINTPEGIIPSMFEPEREKVDAIDGEYRLRGEARKTFVDLMRRGDLPVWLAYKVAAEGINYADRRWCFDGIKNNQILEENVEVEIWTKEGERKKLKPRWLDARIYSDPLALKEFKEFAAGRKSLTLNLITEMGRLPTFMTQKTRDALDNLAVLHTAEAGGRAYNHALSELPETLETLLLLTLLATVTGGIFLFLMSGRGIGKMTLGMCCIITASILLWYAQIQPHWIAASIILEFFLIVLLIPEPEKQRTPQDNQLTYVVIAILTVVAATMANEMGFLEKTKKDLGLGSIATQQPESNILDIDLRPASAWTLYAVATTFVTPMLRHSIENSSVNVSLTAIANQATVLMGLGKGWPLSKMDIGVPLLAIGCYSQVNPITLTAALLLLVAHYAIIGPGLQAKATREAQKRAAAGIMKNPTVDGITVIDLDPIPYDPKFEKQLGQVMLLILCVTQVLMMRTTWALCEALTLATGPISTLWEGNPGRFWNTTIAVSMANIFRGSYLAGAGLLFSIMKNTTNTRRGTGNIGETLGEKWKSRLNALGKSEFQIYKKSGIQEVDRTLAKEGIKRGETDHHAVSRGSAKLRWFVERNMVTPEGKVVDLGCGRGGWSYYCGGLKNVREVKGLTKGGPGHEEPIPMSTYGWNLVRLQSGVDVFFIPPEKCDTLLCDIGESSPNPTVEAGRTLRVLNLVENWLNNNTQFCIKVLNPYMPSVIEKMEALQRKYGGALVRNPLSRNSTHEMYWVSNASGNIVSSVNMISRMLINRFTMRHKKATYEPDVDLGSGTRNIGIESEIPNLDIIGKRIEKIKQEHETSWHYDQDHPYKTWAYHGSYETKQTGSASSMVNGVVRLLTKPWDVLPTVTQMAMTDTTPFGQQRVFKEKVDTRTQEPKEGTKKLMKITAEWLWKELGKKKTPRMCTREEFTRKVRSNAALGAIFTDENKWKSAREAVEDSRFWELVDKERNLHLEGKCETCVYNMMGKREKKLGEFGKAKGSRAIWYMWLGARFLEFEALGFLNEDHWFSRENSLSGVEGEGLHKLGYILRDVSKKEGGAMYADDTAGWDTRITLEDLKNEEMVTNHMEGEHKKLAEAIFKLTYQNKVVRVQRPTPRGTVMDIISRRDQRGSGQVGTYGLNTFTNMEAQLIRQMEGEGVFKNIQHLTVTEEVAVQNWLARVGRERLSRMAISGDDCVVKPLDDRFANALTALNDMGKIRKDIQQWEPSKGWNDWTQVPFCSHHFHELIMKDGRVLVVPCRNQDELIGRARISQGAGWSLRETACLGKSYAQMWSLMYFHRRDLRLAANAICSAVPSHWVPTSRTTWSIHAKHEWMTTEDMLTVWNRVWIRENPWMEDKTPVESWEEIPYLGKREDQWCGSLIGLTSRATWAKNIQAAINQVRSLIGNEEYTDYMPSMKRFXREEEEAGVLW
K9LVE8,MNNQRKKARNTPFNMLKRERNRVSTVQQLTKRFSLGMLQGRGPLKLFMALVAFLRFLTIPPTAGILKRWGTIKKSKAINVLRGFRKEIGRMLNILNRRRRTAGVIIMLIPTAMAFHLTTRNGEPHMIVSKQEKGKSLLFKTEDGVNMCTLMAMDLGELCEDTITYNCPLLRQNEPEDIDCWCNATSTWVTYGTCTATGEHRREKRSVALVPHVGMGLETRTETWMSSEGAWKHAQRIETWILRHPGFTIMAAILAYTIGTTYFQRVLIFILLTAVAPSMTMRCIGISNRDFVEGVSGGSWVDIVLEHGSCVTTMAKNKPTLDFELIKTEAKQPATLRKYCIEAKLTNTTTASRCPTQGEPSLNEEQDKRFVCKHSMVDRGWGNGCGLFGKGGIVTCAMFTCKKNMEGKIVQPENLEYTIVVTPHSGEENAVGNDTGKHGKEIKVTPQSSITEAELTGYGTVTMECSPRTGLDFNEMVLLQMENKAWLVHRQWFLDLPLPWLPGADIQGSNWIQKETLVTFKNPHAKKQDVVVLGSQEGAMHTALTGATEIQMSSGNLLFTGHLKCRLRMDKLQLKGMSYSMCTGKFKVVKEIAETQHGTIVVRVQYEGDGSPCKIPFEIMDLEKRHVLGRLITVNPIVTEKNSPVNIEAEPPFGDSYIIIGVEPGQLKLSWFKKGSSIGQMFETTMRGAKRMAILGDTAWDFGSLGGVFTSIGKALHQVFGAIYGAAFSGVSWTMKILIGVVITWIGMNSRSTSLSVSLVLVGVVTLYLGVMVQADSGCVVSWKNKELNCG
K9LVF1,MNNQRKKARNTPFNMLKRERNRVSTVQQLTKRFSLGMLQGRGPLKLFMALVAFLRFLTIPPTAGILKRWGTIKKSKAINVLRGFRKEIGRMLNILNRRRRTAGVIIMLIPTAMAFHLTTRNGEPHMIVSKQEKGKSLLFKTEDGVNMCTLMAMDLGELCEDTITYNCPLLRQNEPEDIDCWCNATSTWVTYGTCTATGEHRREKRSVALVPHVGMGLETRTETWMSSEGAWKHAQRIETWILRHPGFTIMAAILAYTIGTTYFQRVLIFILLTAVAPSMTMRCIGISNRDFVEGVSGGSWVDIVLEHGSCVTTMAKNKPTLDFELIKTEAKQPATLRKYCIEAKLTNTTTASRCPTQGEPSLNEEQDKRFVCKHSMVDRGWGNGCGLFGKGGIVTCAMFTCKKNMEGKIVQPENLEYTIVVTPHSGEENAVGNDTGKHGKEIKVTPQSSITEAELTGYGTVTMECSPRTGLDFNEMVLLQMENKAWLVHRQWFLDLPLPWLPGADIQGSNWIQKETLVTFKNPHAKKQDVVVLGSQEGAMHTALTGATEIQMSSGNLLFTGHLKCRLRMDKLQLKGMSYSMCTGKFKVVKEIAETQHGTIVVRVQYEGDGSPCKIPFEIMDLEKRHVLGRLITVNPIVTEKDSPVNIEAEPPFGDSYIIIGVEPGQLKLSWFKKGSSIGQMFETTMRGAKRMAILGDTAWDFGSLGGVFTSIGKALHQVFGAIYGAAFSGVSWTMKILIGVVITWIGMNSRSTSLSVSLVLVGVVTLYLGVMVQADSGCVVSWKNKELKCG
K9LVF3,MNNQRKKARNTPFNMLKRERNRVSTVQQLTKRFSLGMLQGRGPLKLFMALVAFLRFLTIPPTAGILKRWGTIKKSKAINVLRGFRKEIGRMLNILNRRRRTAGVIIMLIPTAMAFHLTTRNGEPHMIVSKQEKGKSLLFKTEDGVNMCTLMAMDLGELCEDTITYNCPLLRQNEPEDIDCWCNATSTWVTYGTCTATGEHRREKRSVALVPHVGMGLETRTETWMSSEGAWKHAQRIETWILRHPGFTIMAAILAYTIGTTYFQRVLIFILLTAVAPSMTMRCIGISNRDFVEGVSGGSWVDIVLEHGSCVTTMAKNKPTLDFELIKTEAKQPATLRKYCIEAKLTNTTTASRCPTQGEPSLNEEQDKRFVCKHSMVDRGWGNGCGLFGKGGIVTCAMFTCKKNMEGKIVQPENLEYTIVVTPHSGEENAVGNDTGKHGKEIKVTPQSSITEAELTGYGTVTMECSPRTGLDFNEMVLLQMENKAWLVHRQWFLDLPLPWLPGADIQGSNWIQKETLVTFKNPHAKKQDVVVLGSQEGAMHTALTGATEIQMSSGNLLFTGHLKCRLRMDKLQLKGMSYSMCTGKFKVVKEIAETQHGTIVVRVQYEGDGSPCKIPFEIMDLEKRHVLGRLITVNPIVTEKDSPVNIEAEPPFGDSYIIIGVEPGQLKLSWFKKGSSIGQMFETTMRGAKRMAILGDTAWDFGSLGGVFTSIGKALHQVFGAIYGAAFSGVSWTMKILIGVVITWIGMNSRSTSLSVSLVLVGVVTLYLGVMVQADSGCVVSWKNKELKCG
K9LVS2,MNNQRKKARNTPFNMLKRERNRVSTVQQLTKRFSLGMLQGRGPLKLFMALVAFLRFLTIPPTAGILKRWGTIKKSKAINVLRGFRKEIGRMLNILNRRRRTAGVIIMLIPTAMAFHLTTRNGEPHMIVSKQEKGKSLLFKTEDGVNMCTLMAMDLGELCEDTITYNCPLLRQNEPEDIDCWCNATSTWVTYGTCTATGEHRREKRSVALVPHVGMGLETRTETWMSSEGAWKHAQRIETWILRHPGFTIMAAILAYTIGTTYFQRVLIFILLTAVAPSMTMRCIGISNRDFVEGVSGGSWVDIVLEHGSCVTTMAKNKPTLDFELIKTEAKQPATLRKYCIEAKLTNTTTASRCPTQGEPSLNEEQDKRFVCKHSMVDRGWGNGCGLFGKGGIVTCAMFTCKKNMEGKIVQPENLEYTIVVTPHSGEENAVGNDTGKHGKEIKVTPQSSITEAELTGYGTVTMECSPRTGLDFNEMVLLQMENKAWLVHRQWFLDLPLPWLPGADIQGSNWIQKETLVTFKNPHAKKQDVVVLGSQEGAMHTALTGATEIQMSSGNLLFTGHLKCRLRMDKLQLKGMSYSMCTGKFKVIKEIAETQHGTIVVRVQYEGDGSPCKIPFEIMDLEKRHVLGRLITVNPIVTEKDSPVNIEAEPPFGDSYIIIGVEPGQLKLSWFKKGSSIGQMFETTMRGAKRMAILGDTAWDFGSLGGVFTSIGKALHQVFGAIYGAAFSGVSWTMKILIGVVITWIGMNSRSTSLSVSLVLVGVVTLYLGVMVQADSGCVVSWKNKELKCG
K9LW15,MNNQRKKARNTPFNMLKRERNRVSTVQQLTKRFSLGMLQGRGPLKLFMALVAFLRFLTIPPTAGILKRWGTIKKSKAINVLRGFRKEIGRMLNILNRRRRTAGVIIMLIPTAMAFHLTTRNGEPHMIVSKQEKGKSLLFKTEDGVNMCTLMAMDLGELCEDTITYNCPLLRQNEPEDIDCWCNATSTWVTYGTCTATGEHRREKRSVALVPHVGMGLETRTETWMSSEGAWKHAQRIETWILRHPGFTIMAAILAYTIGTTYFQRVLIFILLTAVAPSMTMRCIGISNRDFVEGVSGGSWVDIVLEHGSCVTTMAKNKPTLDFELIKTEAKQPATLRKYCIEAKLTNTTTASRCPTQGEPSLNEEQDKRFVCKHSMVDRGWGNGCGLFGKGGIVTCAMFTCKKNMEGKIVQPENLEYTIVVTPHSGEENAVGNDTGKHGKEIKVTPQSSITEAELTGYGTVTMECSPRTGLDFNEMVLLQMENKAWLVHRQWFLDLPLPWLPGADIQGSNWIQKETLVTFKNPHAKKQDVVVLGSQEGAMHTALTGATEIQMSSGNLLFTGHLKCRLRMDKLQLKGMSYSMCTGKFKVVKEIAETQHGTIVVRVQYEGDGSPCKIPFEIMDLEKRHVLGRLITVNPIVTEKDSPVNIEAEPPFGDSYIIIGVEPGQLKLSWFKKGSSIGQMFETTMRGAKRMAILGDTAWDFGSLGGVFTSIGKALHQVFGAIYGAAFSGVSWTMKILIGVVITWIGMNSRSTSLSVSLVLVGVVTLYLGVMVQADSGCVVSWKNKELKCG
K9LWU5,MNNQRKKARNTPFNMLKRERNRVSTVQQLTKRFSLGMLQGRGPLKLFMALVAFLRFLTIPPTAGILKRWGTIKKSKAINVLRGFRKEIGRMLNILNRRRRTAGVIIMLIPTAMAFHLTTRNGEPHMIVSKQEKGKSLLFKTEDGVNMCTLMAMDLGELCEDTITYNCPLLRQNEPEDIDCWCNATSTWVTYGTCTATGEHRREKRSVALVPHVGMGLETRTETWMSSEGAWKHAQRIETWILRHPGFTIMAAILAYTIGTTYFQRVLIFILLTAVAPSMTMRCIGISNRDFVEGVSGGSWVDIVLEHGSCVTTMAKNKPTLDFELIKTEAKQPATLRKYCIEAKLTNTTTASRCPTQGEPSLNEEQDKRFVCKHSMVDRGWGNGCGLFGKGGIVTCAMFTCKKNMEGKIVQPENLEYTIVVTPHSGEENAVGNDTGKHGKEIKVTPQSSITEAELTGYGTVTMECSPRTGLDFNEMVLLQMENKAWLVHRQWFLDLPLPWLPGADIQGSNWIQKEMLVTFKNPHAKKQDVVVLGSQEGAMHTALTGATEIQMSSGNLLFTGHLKCRLRMDKLQLKGMSYSMCTGKFKVVKEIAETQHGTIVVRVQYEGDGSPCKIPFEIMDLEKRHVLGRLITVNPIVTGKDSPVNIEAEPPFGDSYIIIGVEPGQLKLSWFKKGSSIGQMFETTMRGAKRMAILGDTAWDFGSLGGVFTSIGKALHQVFGAIYGAAFSGVSWTMKILIGVVITWIGMNSRSTSLSVSLVLVGVVTLYLGVMVQADSGCVVSWKNKELKCG
K9LWV0,MNNQRKKARNTPFNMLKRERNRVSTVQQLTKRFSLGMLQGRGPLKLFMALVAFLRFLTIPPTAGILKRWGTIKKSKAINVLRGFRKEIGRMLNILNRRRRTAGVIIMLIPTAMAFHLTTRNGEPHMIVSKQEKGKSLLFKTEDGVNMCTLMAMDLGELCEDTITYNCPLLRQNEPEDIDCWCNATSTWVTYGTCTATGEHRREKRSVALVPHVGMGLETRTETWMSSEGAWKHAQRIETWILRHPGFTIMAAILAYTIGTTYFQRVLIFILLTAVAPSMTMRCIGISNRDFVEGVSGGSWVDIVLEHGSCVTTMAKNKPTLDFELIKTEAKQPANLRKYCIEAKLTNTTTASRCPTQGEPSLNEEQDKRFVCKHSMVDRGWGNGCGLFGKGGIVTCAMFTCKKNMEGKIVQPENLEYTIVVTPHSGEENAVGNDTGKHGKEIKVTPQSSITEAELTGYGTVTMECSPRTGLDFNEMVLLQMENKAWLVHRQWFLDLPLPWLPGADIQGSNWIQKETLVTFKNPHAKKQDVVVLGSQEGAMHTALTGATEIQMSSGNLLFTGHLKCRLRMDKLQLKGMSYSMCTGKFKVVKEIAETQHGTIVVRVQYEGDGSPCKIPFEIMDLEKRHVLGRLITVNPIVTEKDSPVNIEAEPPFGDSYIIIGVEPGQLKLSWFKKGSSIGQMFETTMRGAKRMAILGDTAWDFGSLGGVFTSIGKALHQVFGAIYGAAFSGVSWTMKILIGVVITWIGMNSRSTSLSVSLVLVGVVTLYLGVMVQADSGCVVSWKNKELKCG
K9LWV5,MNNQRKKARNTPFNMLKRERNRVSTVQQLTKRFSLGMLQGRGPLKLFMALVAFLRFLTIPPTAGILKRWGTIKKSKAINVLRGFRKEIGRMLNILNRRRRTAGVIIMLIPTAMAFHLTTRNGEPHMIVSKQEKGKSLLFKTEDGVNMCTLMAMDLGELCEDTITYNCPLLRQNEPEDIDCWCNATSTWVTYGTCTATGEHRREKRSVALVPHVGMGLETRTETWMSSEGAWKHAQRIETWILRHPGFTIMAAILAYTIGTTYFQRVLIFILLTAVAPSMTMRCIGISNRDFVEGVSGGSWVDIVLEHGSCVTTMAKNKPTLDFELIKTEAKQPATLRKYCIEAKLTNTTTASRCPTQGEPSLNEEQDKRFVCKHSMVDRGWGNGCGLFGKGGIVTCAMFTCKKNMEGKIVQPENLEYTIVVTPHSGEENAVGNDTGKHGKEIKVTPQSSITEAELTGYGTVTMECSPRTGLDFNEMVLLQMENKAWLVHRQWFLDLPLPWLPGADIQGSNWIQKETLVTFKNPHAKKQDVVVLGSQEGAMHTALTGATEIQMSSGNLLFTGHLKCRLRMDKLQLKGMSYSMCTGKFKVVKEIAETQHGTIVVRVQYEGDGSPCKIPFEIMDLEKRHVLGRLITVNPIVTEKDSPVNIEAEPPFGDSYIIIGVEPGQLKLSWFKKGSSIGQMFETTMRGAKRMAILGDTAWDFGSLGGVFTSIGKALHQVFGAIYGAAFSGVSWTMKILIGVVITWIGMNSRSTSLSVSLVLVGVVTLYLGVMVQADSGCVVSWKNKELKCG
K9LY25,MNNQRKKARNTPFNMLKRERNRVSTVQQLTKRFSLGMLQGRGPLKLFMALVAFLRFLTIPPTAGILKRWGTIKKSKAINVLRGFRKEIGRMLNILNRRRRTAGVIIMLIPTAMAFHLTTRNGEPHMIVSKQEKGKSLLFKTEDGVNMCTLMAMDLGELCEDTITYNCPLLRQNEPEDIDCWCNATSTWVTYGTCTATGEHRREKRSVALVPHVGMGLETRTETWMSSEGAWKHAQRIETWILRHPGFTIMAAILAYTIGTTYFQRVLIFILLTAVAPSMTMRCIGISNRDFVEGISGGSWVDIVLEHGSCVTTMAKNKPTLDFELIKTEAKQPATLRKYCIEAKLTNTTTASRCPTQGEPSLNEEQDKRFVCKHSMVDRGWGNGCGLFGKGGIVTCAMFTCKKNMEGKIVQPENLEYTIVVTPHSGEENAVGNDTGKHGKEIKVTPQSSITEAELTGYGTVTMECSPRTGLDFNEMVLLQMENKAWLVHRQWFLDLPLPWLPGADIQGSNWIQKETLVTFKNPHAKKQDVVVLGSQEGAMHTALTGATEIQMSSGNLLFTGHLKCRLRMDKLQLKGMSYSMCTGKFKVVKEIAETQHGTIVVRVQYEGDGSPCKIPFEIMDLEKRHVLGRLITVNPIVTGKDSPVNIEAEPPYGDSYIIIGVEPGQLKLSWFKKGSSIGQMFETTMRGAKRMAILGDTAWDFGSLGGVFTSIGKALHQVFGAIYGAAFSGVSWTMKILIGVVITWIGMNSRSTSLSVSLVLVGVVTLYLGVMVQADSGCVVSWKNKELKCG
W0LLB2,EEREIPERSWNSGHEWVTDFKGKTVWFVPSIKAGNDIAACLRKNGKKVIQLSRKTFDSEYVKTRTNDWDFVVTTDISEMGANFKAERVIDPRRCMKPVILTDGEERVILAGPMPVTHSSAAQRRGRIGRNPKNENDQYIYMGEPLENDEDCAHWKEAKMLLDNINTPEGIIPSMFEPEREKVDAIDGEYRLRGEARKTFVDLMRRGDLPVWLAYKVAAEGINYADRRWCFDGIKNNQILEENVEVEIWTKEGERKKLKPRWLDARIYSDPLALKEFKEFAAGRKSLTLNLITEMGRLPTFMTQKTRDALDNLAVLHTAEAGGRAYNHALSELPETLETLLLLTLLATVTGGIFLFLMSGRGIGKMTLGMCCIITASILLWYAQIQPHWIAASIILEFFLIVLLIPEPEKQRTPQDNQLTYVVIAILTVVAATMANEMGFLEKTKKDLGLGSIATQQPESNILDIDLRPASAWTLYAVATTFVTPMLRHSIENSSVNVSLTAIANQATVLMGLGKGWPLSKMDIGVPLLAIGCYSQVNPITLTAALLLLVAHYAIIGPGLQAKATREAQKRAAAGIMKNPTVDGITVIDLDPIPYDPKFEKQLGQVMLLILCVTQVLMMRTTWALCEALTLATGPISTLWEGNPGRFWNTTIAVSMANIFRGSYXXXXXXXXXXXXXXXXXXXXXXXXXXXLGEKWKSRLNALGKSEFQIYKKSGIQEVDRTLAKEGIKRGETDHHAVSRGSAKLRWFVERNMVTPEGKVVDLGCGRGGWSYYCGGLKNVREVKGLTKGGPGHEEPIPMSTYGWNLVRLQSGVDVFFIPPEKCDTLLCDIGESSPNPTVEAGRTLRVLNLVENWLNNNTQFCIKVLNPYMPSVIEKMEALQRKYGGALVRNPLSRNSTHEMYWVSNASGNIVSSVNMISRMLINRFTMRHKKATYEPDVDLGSGTRNIGIESETPNLDIIGKRIEKIKEEHETSWHYDQDHPYKTWAYHGSYETKQTGSASSMVNGVVRLLTKPWDVLPTVTQMAMTDTTPFGQQRVFKEKVDTRTQEPKEGTKKLMKITAEWLWKELGKKKTPRMCTREEFTRKVRSNAALGAIFTDENKWKSAREAVEDSRFWELVDKERNLHLEGKCETCVYNMMGKREKKLGEFGKAKGSRAIWYMWLGARFLEFEALGFLNEDHWFSRENSLSGVEGEGLHKLGYILRDVSKKEGGAMYADDTAGWDTRITLEDLKNEEMVTNHMEGEHKKLAEAIFKLTYQNKVVRVQRPTPRGTVMDIISRRDQRGSGQVGTYGLNTFTNMEAQLIRQMEGEGVFKNIQHLTVTEEAAVQNWLARVGRERLSRMAISGDDCVVKPLDDRFANALTALNDMGKIRKDIQQWEPSKGWNDWTQVPFCSHHFHELIMKDGRVLVVPCRNQDELIGRARISQGAGWSLRETACLGKSYAQMWSLMYFHRRDLRLAANAICSAVPSHWVPTSRTTWSIHAKHEWMTTEDMLTVWNRVWIRENPWMEDKTPVESWEEIPYLGKREDQWCGSLIGLTSRATWAKNIQAAINQVRSLIGNEEYTDYMPSMKRFRREEEEAGVLW
A0T4E5,DNLAVLHTAEAGGRAYNHALSELPETLETLLLLTLLATVTGGIFLFLMSGRGIGKMTLGMCCIITASILLWYAQIQPHWIAASIILEFFLIVLLIPEPEKQRTPQDNQLTYVVIAILTVVAATMANEMGFLEKTKKDLGLGSITTQQPESNILDIDLRPASAWTLYAVATTFVTPMLRHSIENSSVNVSLTAIANQATVLMGLGKGWPLSKMDIGVPLLAIGCYSQVNPITLTAALFLLVAHYAIIGPGLQAKATREAQKRAAAGIMKNPTVGRITVIDLDPIPYDPKFEKQLGQVMLLVLCVTQVLMMRTTWALCEALTLATGPISTLWEGNPGRFWNTTIAVSMANIFRGSYLAGAGLLFSIMKNTTNTRRGTGNIGETLGEKWKSRLNALGKSEFQIYKKSGIQEVDRTLAKEGIKRGETDHHAVSRGSAKLRWFVERNMVTPEGKVVDLGCGRGGWSYYCGGLKNVREVKGLTKGGPGHEEPIPMSTYGWNLVRLQSGVDVFFTPPEKCDTLLCDIGESSPNPTVEAGRTLRVLNLVENWLNNNTQFCIKVLNPYMPSVIEKMEALQRKYGGALVRNPLSRNSTHEMYWVSNASGNIVSSVNMISRMLINRFTMRHKKATYEPDVDLGSGTRNIGIESE
D4QFF9,AERVIDPRRCMKPXILTDGEERVILAGPMPVTHSSAAQRRGRIGRNPKNENDQYIYMGEPLENDEDCAHWKEAKMLLDNINTPEGIIPSMFEPEREKVDAIDGEYRLRGEARKTFVDLMRRGDLPVWLAYKVAAEGINYADRRWCFDGIKNNQILEENVEVEIWTKEGERKKLKPRWLDARIYSDPLALKEFKEFAAGRKSLTLNLITEMGRLPTFMTQKTRDALDNLAVLHTAEAGGRAYNHALSELPETLETLLLLTLLATVTGGIFLFLMSGRGIGKMTLGMCCIITASILLWYAQIQPHWIAASIILEFFLIVLLIPEPEKQRTPQDNQLTYVVIAILTVVAATMANEMGFLEKTKKDLGLGSIATQQPESNILDIDLRPASAWTLYAVATTFVTPMLRHSIENSSVNVSLTAIANQATVLMGLGKGWPLSKMDIGVPLLAIGCYSQVNPITLTAALLLLVAHYAIIGPGLQAKATREAQKRAAAGIMKNPTVDGITVIDLDPIPYDPKFEKQLGQVMLLILCVTQVLMMRTTWALCEALTLATGPISTLWEGNPGRFWNTTIAVSMANIFRGSYLAGAGLLFSIMKNTTNTRRGTGNIGETLGEKWKSRLNALGKSEFQIYKKSGIQEVDRTLAKEGIKRGETDHHAVSRGSAKLRWFVERNMVTPEGKVVDLGCGRGGWSYYCGGLKNVREVKGLTKGGPGHEEPIPMSTYGWNLVRLQSGVDVFFIPPEKCDTLLCDIGESSPNPTVEAGRTLRVLNLVENWLNNNTQFCIKVLNPYMPSVIEKMEALQRKYGGALVRNPLSRNSTHEMYWVSNASGNIVSSVNMISRMLINRFTMRHKKATYEPDVDLGSGTRNIGIESEIPNLDIIGKRIEKIKQEHETSWHYDQDHPYKTWAYHGSYETKQTGSASSMVNGVVRLLTKPWDVLPTVTQMAMTDTTPFGQQRVFKEKVDTRTQEPKEGTKKLMKITAEWLWKELGKKKTPRMCTREEFTRKVRSNAALGAIFTDENKWKSAREAVEDSRFWELVDKERNLHLEGKCETCVYNMMGKREKKLGEFGKAKGSRAIWYMWLGARFLEFEALGFLNEDHWFSRENSLSGVEGEGLHKLGYILRDVSKKEGGAMYADDTAGWDTRITLEDLKNEEMVTNHMEGEHKKLAEAIFKLTYQNKVVRVQRPTPRGTVMDIISRRDQRGSGQVGTYGLNTFTNMEAQLIRQMEGEGVFKNIQHLTVTEEVAVQNWLARVGRERLSRMAISGDDCVVKPLDDRFANALTALNDMGKIRKDIQQWEPSKGWNDWTQVPFCSHHFHELIMKDGRVLVVPCRNQDELIGRARISQGAGWSLRETACLGKSYAQMWSLMYFHRRDLRLAANAICSAVPSHWVPTSRTTWSIHAKHEWMTTEDMLTVWNRVWIRENPWMEDKTPVESWEEIPYLGKREDQWCGSLIGLTSRATWAKNIQAAINQVRSLIGNEEYTDYMPSMKRFXREEEEAGVLW
D4QFG0,AERVIDPRRCMKPXILTDGEERVILAGPMPVTHSSAAQRRGRIGRNPKNENDQYIYMGEPLENDEDCAHWKEAKMLLDNINTPEGIIPSMFEPEREKVDAIDGEYRLRGEARKTFVDLMRRGDLPVWLAYKVAAEGINYADRRWCFDGIKNNQILEENVEVEIWTKEGERKKLKPRWLDARIYSDPLALKEFKEFAAGRKSLTLNLITEMGRLPTFMTQKTRDALDNLAVLHTAEAGGRAYNHALSELPETLETLLLLTLLATVTGGIFLFLMSGRGIGKMTLGMCCIITASILLWYAQIQPHWIAASIILEFFLIVLLIPEPEKQRTPQDNQLTYVVIAILTVVAATMANEMGFLEKTKKDLGLGSIATQQPESNILDIDLRPASAWTLYAVATTFVTPMLRHSIENSSVNVSLTAIANQATVLMGLGKGWPLSKMDIGVPLLAIGCYSQVNPITLTAALLLLVAHYAIIGPGLQAKATREAQKRAAAGIMKNPTVDGITVIDLDPIPYDPKFEKQLGQVMLLILCVTQVLMMRTTWALCEALTLATGPISTLWEGNPGRFWNTTIAVSMANIFRGSYLAGAGLLFSIMKNTTNTRRGTGNIGETLGEKWKSRLNALGKSEFQIYKKSGIQEVDRTLAKEGIKRGETDHHAVSRGSAKLRWFVERNMVTPEGKVVDLGCGRGGWSYYCGGLKNVREVKGLTKGGPGHEEPIPMSTYGWNLVRLQSGVDVFFIPPEKCDTLLCDIGESSPNPTVEAGRTLRVLNLVENWLNNNTQFCIKVLNPYMPSVIEKMEALQRKYGGALVRNPLSRNSTHEMYWVSNASGNIVSSVNMISRMLINRFTMRHKKATYEPDVDLGSGTRNIGIESEIPNLDIIGKRIEKIKQEHETSWHYDQDHPYKTWAYHGSYETKQTGSASSMVNGVVRLLTKPWDVLPTVTQMAMTDTTPFGQQRVFKEKVDTRTQEPKEGTKKLMKITAEWLWKELGKKKTPRMCTREEFTRKVRSNAALGAIFTDENKWKSAREAVEDSRFWELVDKERNLHLEGKCETCVYNMMGKREKKLGEFGKAKGSRAIWYMWLGARFLEFEALGFLNEDHWFSRENSLSGVEGEGLHKLGYILRDVSKKEGGAMYADDTAGWDTRITLEDLKNEEMVTNHMEGEHKKLAEAIFKLTYQNKVVRVQRPTPRGTVMDIISRRDQRGSGQVGTYGLNTFTNMEAQLIRQMEGEGVFKNIQHLTVTEEVAVQNWLARVGRERLSRMAISGDDCVVKPLDDRFANALTALNDMGKIRKDIQQWEPSKGWNDWTQVPFCSHHFHELIMKDGRVLVVPCRNQDELIGRARISQGAGWSLRETACLGKSYAQMWSLMYFHRRDLRLAANAICSAVPSHWVPTSRTTWSIHAKHEWMTTEDMLTVWNRVWIRENPWMEDKTPVESWEEIPYLGKREDQWCGSLIGLTSRATWAKNIQAAINQVRSLIGNEEYTDYMPSMKRFXREEEEAGVLW
K9LVE8,MNNQRKKARNTPFNMLKRERNRVSTVQQLTKRFSLGMLQGRGPLKLFMALVAFLRFLTIPPTAGILKRWGTIKKSKAINVLRGFRKEIGRMLNILNRRRRTAGVIIMLIPTAMAFHLTTRNGEPHMIVSKQEKGKSLLFKTEDGVNMCTLMAMDLGELCEDTITYNCPLLRQNEPEDIDCWCNATSTWVTYGTCTATGEHRREKRSVALVPHVGMGLETRTETWMSSEGAWKHAQRIETWILRHPGFTIMAAILAYTIGTTYFQRVLIFILLTAVAPSMTMRCIGISNRDFVEGVSGGSWVDIVLEHGSCVTTMAKNKPTLDFELIKTEAKQPATLRKYCIEAKLTNTTTASRCPTQGEPSLNEEQDKRFVCKHSMVDRGWGNGCGLFGKGGIVTCAMFTCKKNMEGKIVQPENLEYTIVVTPHSGEENAVGNDTGKHGKEIKVTPQSSITEAELTGYGTVTMECSPRTGLDFNEMVLLQMENKAWLVHRQWFLDLPLPWLPGADIQGSNWIQKETLVTFKNPHAKKQDVVVLGSQEGAMHTALTGATEIQMSSGNLLFTGHLKCRLRMDKLQLKGMSYSMCTGKFKVVKEIAETQHGTIVVRVQYEGDGSPCKIPFEIMDLEKRHVLGRLITVNPIVTEKNSPVNIEAEPPFGDSYIIIGVEPGQLKLSWFKKGSSIGQMFETTMRGAKRMAILGDTAWDFGSLGGVFTSIGKALHQVFGAIYGAAFSGVSWTMKILIGVVITWIGMNSRSTSLSVSLVLVGVVTLYLGVMVQADSGCVVSWKNKELNCG
K9LVF1,MNNQRKKARNTPFNMLKRERNRVSTVQQLTKRFSLGMLQGRGPLKLFMALVAFLRFLTIPPTAGILKRWGTIKKSKAINVLRGFRKEIGRMLNILNRRRRTAGVIIMLIPTAMAFHLTTRNGEPHMIVSKQEKGKSLLFKTEDGVNMCTLMAMDLGELCEDTITYNCPLLRQNEPEDIDCWCNATSTWVTYGTCTATGEHRREKRSVALVPHVGMGLETRTETWMSSEGAWKHAQRIETWILRHPGFTIMAAILAYTIGTTYFQRVLIFILLTAVAPSMTMRCIGISNRDFVEGVSGGSWVDIVLEHGSCVTTMAKNKPTLDFELIKTEAKQPATLRKYCIEAKLTNTTTASRCPTQGEPSLNEEQDKRFVCKHSMVDRGWGNGCGLFGKGGIVTCAMFTCKKNMEGKIVQPENLEYTIVVTPHSGEENAVGNDTGKHGKEIKVTPQSSITEAELTGYGTVTMECSPRTGLDFNEMVLLQMENKAWLVHRQWFLDLPLPWLPGADIQGSNWIQKETLVTFKNPHAKKQDVVVLGSQEGAMHTALTGATEIQMSSGNLLFTGHLKCRLRMDKLQLKGMSYSMCTGKFKVVKEIAETQHGTIVVRVQYEGDGSPCKIPFEIMDLEKRHVLGRLITVNPIVTEKDSPVNIEAEPPFGDSYIIIGVEPGQLKLSWFKKGSSIGQMFETTMRGAKRMAILGDTAWDFGSLGGVFTSIGKALHQVFGAIYGAAFSGVSWTMKILIGVVITWIGMNSRSTSLSVSLVLVGVVTLYLGVMVQADSGCVVSWKNKELKCG
K9LVF3,MNNQRKKARNTPFNMLKRERNRVSTVQQLTKRFSLGMLQGRGPLKLFMALVAFLRFLTIPPTAGILKRWGTIKKSKAINVLRGFRKEIGRMLNILNRRRRTAGVIIMLIPTAMAFHLTTRNGEPHMIVSKQEKGKSLLFKTEDGVNMCTLMAMDLGELCEDTITYNCPLLRQNEPEDIDCWCNATSTWVTYGTCTATGEHRREKRSVALVPHVGMGLETRTETWMSSEGAWKHAQRIETWILRHPGFTIMAAILAYTIGTTYFQRVLIFILLTAVAPSMTMRCIGISNRDFVEGVSGGSWVDIVLEHGSCVTTMAKNKPTLDFELIKTEAKQPATLRKYCIEAKLTNTTTASRCPTQGEPSLNEEQDKRFVCKHSMVDRGWGNGCGLFGKGGIVTCAMFTCKKNMEGKIVQPENLEYTIVVTPHSGEENAVGNDTGKHGKEIKVTPQSSITEAELTGYGTVTMECSPRTGLDFNEMVLLQMENKAWLVHRQWFLDLPLPWLPGADIQGSNWIQKETLVTFKNPHAKKQDVVVLGSQEGAMHTALTGATEIQMSSGNLLFTGHLKCRLRMDKLQLKGMSYSMCTGKFKVVKEIAETQHGTIVVRVQYEGDGSPCKIPFEIMDLEKRHVLGRLITVNPIVTEKDSPVNIEAEPPFGDSYIIIGVEPGQLKLSWFKKGSSIGQMFETTMRGAKRMAILGDTAWDFGSLGGVFTSIGKALHQVFGAIYGAAFSGVSWTMKILIGVVITWIGMNSRSTSLSVSLVLVGVVTLYLGVMVQADSGCVVSWKNKELKCG
K9LVS2,MNNQRKKARNTPFNMLKRERNRVSTVQQLTKRFSLGMLQGRGPLKLFMALVAFLRFLTIPPTAGILKRWGTIKKSKAINVLRGFRKEIGRMLNILNRRRRTAGVIIMLIPTAMAFHLTTRNGEPHMIVSKQEKGKSLLFKTEDGVNMCTLMAMDLGELCEDTITYNCPLLRQNEPEDIDCWCNATSTWVTYGTCTATGEHRREKRSVALVPHVGMGLETRTETWMSSEGAWKHAQRIETWILRHPGFTIMAAILAYTIGTTYFQRVLIFILLTAVAPSMTMRCIGISNRDFVEGVSGGSWVDIVLEHGSCVTTMAKNKPTLDFELIKTEAKQPATLRKYCIEAKLTNTTTASRCPTQGEPSLNEEQDKRFVCKHSMVDRGWGNGCGLFGKGGIVTCAMFTCKKNMEGKIVQPENLEYTIVVTPHSGEENAVGNDTGKHGKEIKVTPQSSITEAELTGYGTVTMECSPRTGLDFNEMVLLQMENKAWLVHRQWFLDLPLPWLPGADIQGSNWIQKETLVTFKNPHAKKQDVVVLGSQEGAMHTALTGATEIQMSSGNLLFTGHLKCRLRMDKLQLKGMSYSMCTGKFKVIKEIAETQHGTIVVRVQYEGDGSPCKIPFEIMDLEKRHVLGRLITVNPIVTEKDSPVNIEAEPPFGDSYIIIGVEPGQLKLSWFKKGSSIGQMFETTMRGAKRMAILGDTAWDFGSLGGVFTSIGKALHQVFGAIYGAAFSGVSWTMKILIGVVITWIGMNSRSTSLSVSLVLVGVVTLYLGVMVQADSGCVVSWKNKELKCG
K9LW15,MNNQRKKARNTPFNMLKRERNRVSTVQQLTKRFSLGMLQGRGPLKLFMALVAFLRFLTIPPTAGILKRWGTIKKSKAINVLRGFRKEIGRMLNILNRRRRTAGVIIMLIPTAMAFHLTTRNGEPHMIVSKQEKGKSLLFKTEDGVNMCTLMAMDLGELCEDTITYNCPLLRQNEPEDIDCWCNATSTWVTYGTCTATGEHRREKRSVALVPHVGMGLETRTETWMSSEGAWKHAQRIETWILRHPGFTIMAAILAYTIGTTYFQRVLIFILLTAVAPSMTMRCIGISNRDFVEGVSGGSWVDIVLEHGSCVTTMAKNKPTLDFELIKTEAKQPATLRKYCIEAKLTNTTTASRCPTQGEPSLNEEQDKRFVCKHSMVDRGWGNGCGLFGKGGIVTCAMFTCKKNMEGKIVQPENLEYTIVVTPHSGEENAVGNDTGKHGKEIKVTPQSSITEAELTGYGTVTMECSPRTGLDFNEMVLLQMENKAWLVHRQWFLDLPLPWLPGADIQGSNWIQKETLVTFKNPHAKKQDVVVLGSQEGAMHTALTGATEIQMSSGNLLFTGHLKCRLRMDKLQLKGMSYSMCTGKFKVVKEIAETQHGTIVVRVQYEGDGSPCKIPFEIMDLEKRHVLGRLITVNPIVTEKDSPVNIEAEPPFGDSYIIIGVEPGQLKLSWFKKGSSIGQMFETTMRGAKRMAILGDTAWDFGSLGGVFTSIGKALHQVFGAIYGAAFSGVSWTMKILIGVVITWIGMNSRSTSLSVSLVLVGVVTLYLGVMVQADSGCVVSWKNKELKCG
K9LWU5,MNNQRKKARNTPFNMLKRERNRVSTVQQLTKRFSLGMLQGRGPLKLFMALVAFLRFLTIPPTAGILKRWGTIKKSKAINVLRGFRKEIGRMLNILNRRRRTAGVIIMLIPTAMAFHLTTRNGEPHMIVSKQEKGKSLLFKTEDGVNMCTLMAMDLGELCEDTITYNCPLLRQNEPEDIDCWCNATSTWVTYGTCTATGEHRREKRSVALVPHVGMGLETRTETWMSSEGAWKHAQRIETWILRHPGFTIMAAILAYTIGTTYFQRVLIFILLTAVAPSMTMRCIGISNRDFVEGVSGGSWVDIVLEHGSCVTTMAKNKPTLDFELIKTEAKQPATLRKYCIEAKLTNTTTASRCPTQGEPSLNEEQDKRFVCKHSMVDRGWGNGCGLFGKGGIVTCAMFTCKKNMEGKIVQPENLEYTIVVTPHSGEENAVGNDTGKHGKEIKVTPQSSITEAELTGYGTVTMECSPRTGLDFNEMVLLQMENKAWLVHRQWFLDLPLPWLPGADIQGSNWIQKEMLVTFKNPHAKKQDVVVLGSQEGAMHTALTGATEIQMSSGNLLFTGHLKCRLRMDKLQLKGMSYSMCTGKFKVVKEIAETQHGTIVVRVQYEGDGSPCKIPFEIMDLEKRHVLGRLITVNPIVTGKDSPVNIEAEPPFGDSYIIIGVEPGQLKLSWFKKGSSIGQMFETTMRGAKRMAILGDTAWDFGSLGGVFTSIGKALHQVFGAIYGAAFSGVSWTMKILIGVVITWIGMNSRSTSLSVSLVLVGVVTLYLGVMVQADSGCVVSWKNKELKCG
K9LWV0,MNNQRKKARNTPFNMLKRERNRVSTVQQLTKRFSLGMLQGRGPLKLFMALVAFLRFLTIPPTAGILKRWGTIKKSKAINVLRGFRKEIGRMLNILNRRRRTAGVIIMLIPTAMAFHLTTRNGEPHMIVSKQEKGKSLLFKTEDGVNMCTLMAMDLGELCEDTITYNCPLLRQNEPEDIDCWCNATSTWVTYGTCTATGEHRREKRSVALVPHVGMGLETRTETWMSSEGAWKHAQRIETWILRHPGFTIMAAILAYTIGTTYFQRVLIFILLTAVAPSMTMRCIGISNRDFVEGVSGGSWVDIVLEHGSCVTTMAKNKPTLDFELIKTEAKQPANLRKYCIEAKLTNTTTASRCPTQGEPSLNEEQDKRFVCKHSMVDRGWGNGCGLFGKGGIVTCAMFTCKKNMEGKIVQPENLEYTIVVTPHSGEENAVGNDTGKHGKEIKVTPQSSITEAELTGYGTVTMECSPRTGLDFNEMVLLQMENKAWLVHRQWFLDLPLPWLPGADIQGSNWIQKETLVTFKNPHAKKQDVVVLGSQEGAMHTALTGATEIQMSSGNLLFTGHLKCRLRMDKLQLKGMSYSMCTGKFKVVKEIAETQHGTIVVRVQYEGDGSPCKIPFEIMDLEKRHVLGRLITVNPIVTEKDSPVNIEAEPPFGDSYIIIGVEPGQLKLSWFKKGSSIGQMFETTMRGAKRMAILGDTAWDFGSLGGVFTSIGKALHQVFGAIYGAAFSGVSWTMKILIGVVITWIGMNSRSTSLSVSLVLVGVVTLYLGVMVQADSGCVVSWKNKELKCG
K9LWV5,MNNQRKKARNTPFNMLKRERNRVSTVQQLTKRFSLGMLQGRGPLKLFMALVAFLRFLTIPPTAGILKRWGTIKKSKAINVLRGFRKEIGRMLNILNRRRRTAGVIIMLIPTAMAFHLTTRNGEPHMIVSKQEKGKSLLFKTEDGVNMCTLMAMDLGELCEDTITYNCPLLRQNEPEDIDCWCNATSTWVTYGTCTATGEHRREKRSVALVPHVGMGLETRTETWMSSEGAWKHAQRIETWILRHPGFTIMAAILAYTIGTTYFQRVLIFILLTAVAPSMTMRCIGISNRDFVEGVSGGSWVDIVLEHGSCVTTMAKNKPTLDFELIKTEAKQPATLRKYCIEAKLTNTTTASRCPTQGEPSLNEEQDKRFVCKHSMVDRGWGNGCGLFGKGGIVTCAMFTCKKNMEGKIVQPENLEYTIVVTPHSGEENAVGNDTGKHGKEIKVTPQSSITEAELTGYGTVTMECSPRTGLDFNEMVLLQMENKAWLVHRQWFLDLPLPWLPGADIQGSNWIQKETLVTFKNPHAKKQDVVVLGSQEGAMHTALTGATEIQMSSGNLLFTGHLKCRLRMDKLQLKGMSYSMCTGKFKVVKEIAETQHGTIVVRVQYEGDGSPCKIPFEIMDLEKRHVLGRLITVNPIVTEKDSPVNIEAEPPFGDSYIIIGVEPGQLKLSWFKKGSSIGQMFETTMRGAKRMAILGDTAWDFGSLGGVFTSIGKALHQVFGAIYGAAFSGVSWTMKILIGVVITWIGMNSRSTSLSVSLVLVGVVTLYLGVMVQADSGCVVSWKNKELKCG
K9LY25,MNNQRKKARNTPFNMLKRERNRVSTVQQLTKRFSLGMLQGRGPLKLFMALVAFLRFMTTEVLTIPPTAGILKRWGTIKKSKAINVLRGFRKEIGRMLNILNRRRRTAGVIIMLIPTAMAFHLTTRNGEPHMIVSKQEKGKSLLFKTEDGVNMCTLMAMDLGELCEDTITYNCPLLRQNEPEDIDCWCNATSTWVTYGTCTATGEHRREKRSVALVPHVGMGLETRTETWMSSEGAWKHAQRIETWILRHPGFTIMAAILAYTIGTTYFQRVLIFILLTAVAPSMTMRCIGISNRDFVEGISGGSWVDIVLEHGSCVTTMAKNKPTLDFELIKTEAKQPATLRKYCIEAKLTNTTTASRCPTQGEPSLNEEQDKRFVCKHSMVDRGWGNGCGLFGKGGIVTCAMFTCKKNMEGKIVQPENLEYTIVVTPHSGEENAVGNDTGKHGKEIKVTPQSSITEAELTGYGTVTMECSPRTGLDFNEMVLLQMENKAWLVHRQWFLDLPLPWLPGADIQGSNWIQKETLVTFKNPHAKKQDVVVLGSQEGAMHTALTGATEIQMSSGNLLFTGHLKCRLRMDKLQLKGMSYSMCTGKFKVVKEIAETQHGTIVVRVQYEGDGSPCKIPFEIMDLEKRHVLGRLITVNPIVTGKDSPVNIEAEPPYGDSYIIIGVEPGQLKLSWFKKGSSIGQMFETTMRGAKRMAILGDTAWDFGSLGGVFTSIGKALHQVFGAIYGAAFSGVSWTMKILIGVVITWIGMNSRSTSLSVSLVLVGVVTLYLGVMVQADSGCVVSWKNKELKCG
W0LLB2,EEREIPERSWNSGHEWVTDFKGKTVWFVPSIKAGNDIAACLRKNGKKVIQLSRKTFDSEYVKTRTNDWDFVVTTDISEMGANFKAERVIDPRRCMKPVILTDGEERVILAGPMPVTHSSAAQRRGRIGRNPKNENDQYIYMGEPLENDEDCAHWKEAKMLLDNINTPEGIIPSMFEPEREKVDAIDGEYRLRGEARKTFVDLMRRGDLPVWLAYKVAAEGINYADRRWCFDGIKNNQILEENVEVEIWTKEGERKKLKPRWLDARIYSDPLALKEFKEFAAGRKSLTLNLITEMGRLPTFMTQKTRDALDNLAVLHTAEAGGRAYNHALSELPETLETLLLLTLLATVTGGIFLFLMSGRGIGKMTLGMCCIITASILLWYAQIQPHWIAASIILEFFLIVLLIPEPEKQRTPQDNQLTYVVIAILTVVAATMANEMGFLEKTKKDLGLGSIATQQPESNILDIDLRPASAWTLYAVATTFVTPMLRHSIENSSVNVSLTAIANQATVLMGLGKGWPLSKMDIGVPLLAIGCYSQVNPITLTAALLLLVAHYAIIGPGLQAKATREAQKRAAAGIMKNPTVDGITVIDLDPIPYDPKFEKQLGQVMLLILCVTQVLMMRTTWALCEALTLATGPISTLWEGNPGRFWNTTIAVSMANIFRGSYXXXXXXXXXXXXXXXXXXXXXXXXXXXLGEKWKSRLNALGKSEFQIYKKSGIQEVDRTLAKEGIKRGETDHHAVSRGSAKLRWFVERNMVTPEGKVVDLGCGRGGWSYYCGGLKNVREVKGLTKGGPGHEEPIPMSTYGWNLVRLQSGVDVFFIPPEKCDTLLCDIGESSPNPTVEAGRTLRVLNLVENWLNNNTQFCIKVLNPYMPSVIEKMEALQRKYGGALVRNPLSRNSTHEMYWVSNASGNIVSSVNMISRMLINRFTMRHKKATYEPDVDLGSGTRNIGIESETPNLDIIGKRIEKIKEEHETSWHYDQDHPYKTWAYHGSYETKQTGSASSMVNGVVRLLTKPWDVLPTVTQMAMTDTTPFGQQRVFKEKVDTRTQEPKEGTKKLMKITAEWLWKELGKKKTPRMCTREEFTRKVRSNAALGAIFTDENKWKSAREAVEDSRFWELVDKERNLHLEGKCETCVYNMMGKREKKLGEFGKAKGSRAIWYMWLGARFLEFEALGFLNEDHWFSRENSLSGVEGEGLHKLGYILRDVSKKEGGAMYADDTAGWDTRITLEDLKNEEMVTNHMEGEHKKLAEAIFKLTYQNKVVRVQRPTPRGTVMDIISRRDQRGSGQVGTYGLNTFTNMEAQLIRQMEGEGVFKNIQHLTVTEEAAVQNWLARVGRERLSRMAISGDDCVVKPLDDRFANALTALNDMGKIRKDIQQWEPSKGWNDWTQVPFCSHHFHELIMKDGRVLVVPCRNQDELIGRARISQGAGWSLRETACLGKSYAQMWSLMYFHRRDLRLAANAICSAVPSHWVPTSRTTWSIHAKHEWMTTEDMLTVWNRVWIRENPWMEDKTPVESWEEIPYLGKREDQWCGSLIGLTSRATWAKNIQAAINQVRSLIGNEEYTDYMPSMKRFRREEEEAGVLW
A0T4E5,DNLAVLHTAEAGGRAYNHALSELPETLETLLLLTLLATVTGGIFLFLMSGRGIGKMTLGMCCIITASILLWYAQIQPHWIAASIILEFFLIVLLIPEPEKQRTPQDNQLTYVVIAILTVVAATMANEMGFLEKTKKDLGLGSITTQQPESNILDIDLRPASAWTLYAVATTFVTPMLRHSIENSSVNVSLTAIANQATVLMGLGKGWPLSKMDIGVPLLAIGCYSQVNPITLTAALFLLVAHYAIIGPGLQAKATREAQKRAAAGIMKNPTVGRITVIDLDPIPYDPKFEKQLGQVMLLVLCVTQVLMMRTTWALCEALTLATGPISTLWEGNPGRFWNTTIAVSMANIFRGSYLAGAGLLFSIMKNTTNTRRGTGNIGETLGEKWKSRLNALGKSEFQIYKKSGIQEVDRTLAKEGIKRGETDHHAVSRGSAKLRWFVERNMVTPEGKVVDLGCGRGGWSYYCGGLKNVREVKGLTKGGPGHEEPIPMSTYGWNLVRLQSGVDVFFTPPEKCDTLLCDIGESSPNPTVEAGRTLRVLNLVENWLNNNTQFCIKVLNPYMPSVIEKMEALQRKYGGALVRNPLSRNSTHEMYWVSNASGNIVSSVNMISRMLINRFTMRHKKATYEPDVDLGSGTRNIGIESE
